model_family,model,split,operating_point,rows,bad_rate,threshold,roc_auc,pr_auc,brier_score,precision,recall,f1,tn,fp,fn,tp,dataset,dataset_label,model_label,model_dataset_label,predicted_reject_count,predicted_reject_share,false_rejection_share_among_rejects
logistic_regression,logistic_regression_07,train,best_validation_f1,962641,0.1883,0.471801,0.719952,0.372912,0.214029,0.294505,0.713552,0.41693,471534,309842,51923,129342,baseline_with_grade_subgrade,baseline with grade/subgrade,Logistic Regression,Logistic Regression | baseline with grade/subgrade,,,
logistic_regression,logistic_regression_07,validation,best_validation_f1,186920,0.246763,0.471801,0.695407,0.412336,0.224051,0.355082,0.697669,0.470633,82348,58447,13945,32180,baseline_with_grade_subgrade,baseline with grade/subgrade,Logistic Regression,Logistic Regression | baseline with grade/subgrade,,,
logistic_regression,logistic_regression_07,test,best_validation_f1,195749,0.210315,0.471801,0.700061,0.361509,0.225017,0.310541,0.70932,0.431966,89746,64834,11967,29202,baseline_with_grade_subgrade,baseline with grade/subgrade,Logistic Regression,Logistic Regression | baseline with grade/subgrade,,,
random_forest,random_forest_03,train,best_validation_f1,962641,0.1883,0.455266,0.738405,0.398883,0.194754,0.309538,0.717259,0.43245,491364,290012,51251,130014,baseline_with_grade_subgrade,baseline with grade/subgrade,Random Forest,Random Forest | baseline with grade/subgrade,,,
random_forest,random_forest_03,validation,best_validation_f1,186920,0.246763,0.455266,0.694572,0.415081,0.207616,0.359521,0.671762,0.468373,85596,55199,15140,30985,baseline_with_grade_subgrade,baseline with grade/subgrade,Random Forest,Random Forest | baseline with grade/subgrade,,,
random_forest,random_forest_03,test,best_validation_f1,195749,0.210315,0.455266,0.703753,0.371073,0.200271,0.321114,0.673832,0.434952,95931,58649,13428,27741,baseline_with_grade_subgrade,baseline with grade/subgrade,Random Forest,Random Forest | baseline with grade/subgrade,,,
hist_gradient_boosting,hist_gradient_boosting_04,train,best_validation_f1,962641,0.1883,0.472937,0.734187,0.393537,0.207696,0.30381,0.723388,0.427907,480899,300477,50140,131125,baseline_with_grade_subgrade,baseline with grade/subgrade,HistGradientBoosting,HistGradientBoosting | baseline with grade/subgrade,,,
hist_gradient_boosting,hist_gradient_boosting_04,validation,best_validation_f1,186920,0.246763,0.472937,0.700829,0.4235,0.217717,0.359479,0.696715,0.474259,83535,57260,13989,32136,baseline_with_grade_subgrade,baseline with grade/subgrade,HistGradientBoosting,HistGradientBoosting | baseline with grade/subgrade,,,
hist_gradient_boosting,hist_gradient_boosting_04,test,best_validation_f1,195749,0.210315,0.472937,0.708493,0.377185,0.212358,0.319695,0.693143,0.437571,93856,60724,12633,28536,baseline_with_grade_subgrade,baseline with grade/subgrade,HistGradientBoosting,HistGradientBoosting | baseline with grade/subgrade,,,
lightgbm,lightgbm_06,train,best_validation_f1,962641,0.1883,0.459101,0.739261,0.399622,0.205701,0.300673,0.748749,0.429053,465704,315672,45543,135722,baseline_with_grade_subgrade,baseline with grade/subgrade,LightGBM,LightGBM | baseline with grade/subgrade,,,
lightgbm,lightgbm_06,validation,best_validation_f1,186920,0.246763,0.459101,0.702851,0.42477,0.217414,0.35411,0.723382,0.475468,79936,60859,12759,33366,baseline_with_grade_subgrade,baseline with grade/subgrade,LightGBM,LightGBM | baseline with grade/subgrade,,,
lightgbm,lightgbm_06,test,best_validation_f1,195749,0.210315,0.459101,0.711342,0.380512,0.211718,0.31627,0.718235,0.439159,90656,63924,11600,29569,baseline_with_grade_subgrade,baseline with grade/subgrade,LightGBM,LightGBM | baseline with grade/subgrade,,,
xgboost,xgboost_05,train,best_validation_f1,962641,0.1883,0.470698,0.734468,0.395261,0.2079,0.303218,0.726605,0.427878,478716,302660,49557,131708,baseline_with_grade_subgrade,baseline with grade/subgrade,XGBoost,XGBoost | baseline with grade/subgrade,,,
xgboost,xgboost_05,validation,best_validation_f1,186920,0.246763,0.470698,0.701999,0.4254,0.217751,0.357988,0.700748,0.473884,82829,57966,13803,32322,baseline_with_grade_subgrade,baseline with grade/subgrade,XGBoost,XGBoost | baseline with grade/subgrade,,,
xgboost,xgboost_05,test,best_validation_f1,195749,0.210315,0.470698,0.710193,0.37959,0.212441,0.318981,0.701061,0.438462,92960,61620,12307,28862,baseline_with_grade_subgrade,baseline with grade/subgrade,XGBoost,XGBoost | baseline with grade/subgrade,,,
catboost,catboost_04,train,best_validation_f1,962641,0.1883,0.479729,0.725721,0.382976,0.212346,0.299287,0.713105,0.421621,478740,302636,52004,129261,baseline_with_grade_subgrade,baseline with grade/subgrade,CatBoost,CatBoost | baseline with grade/subgrade,,,
catboost,catboost_04,validation,best_validation_f1,186920,0.246763,0.479729,0.698653,0.420953,0.219899,0.359174,0.689279,0.47226,84071,56724,14332,31793,baseline_with_grade_subgrade,baseline with grade/subgrade,CatBoost,CatBoost | baseline with grade/subgrade,,,
catboost,catboost_04,test,best_validation_f1,195749,0.210315,0.479729,0.705725,0.373955,0.216384,0.31732,0.696641,0.436029,92878,61702,12489,28680,baseline_with_grade_subgrade,baseline with grade/subgrade,CatBoost,CatBoost | baseline with grade/subgrade,,,
logistic_regression,logistic_regression_no_grade_subgrade,train,best_validation_f1,962641,0.1883,0.164047,0.716786,0.368618,0.138201,0.283275,0.74396,0.410315,440176,341200,46411,134854,baseline_no_grade_subgrade,baseline no grade/subgrade,Logistic Regression,Logistic Regression | baseline no grade/subgrade,,,
logistic_regression,logistic_regression_no_grade_subgrade,validation,best_validation_f1,186920,0.246763,0.164047,0.692454,0.408532,0.172715,0.344783,0.732726,0.468918,76568,64227,12328,33797,baseline_no_grade_subgrade,baseline no grade/subgrade,Logistic Regression,Logistic Regression | baseline no grade/subgrade,,,
logistic_regression,logistic_regression_no_grade_subgrade,test,best_validation_f1,195749,0.210315,0.164047,0.697573,0.355817,0.155394,0.300132,0.750662,0.428814,82516,72064,10265,30904,baseline_no_grade_subgrade,baseline no grade/subgrade,Logistic Regression,Logistic Regression | baseline no grade/subgrade,,,
hist_gradient_boosting,hist_gradient_boosting_no_grade_subgrade,train,best_validation_f1,962641,0.1883,0.18289,0.73318,0.39542,0.135436,0.310725,0.698469,0.430109,500524,280852,54657,126608,baseline_no_grade_subgrade,baseline no grade/subgrade,HistGradientBoosting,HistGradientBoosting | baseline no grade/subgrade,,,
hist_gradient_boosting,hist_gradient_boosting_no_grade_subgrade,validation,best_validation_f1,186920,0.246763,0.18289,0.701741,0.425647,0.170437,0.365229,0.675751,0.474176,86623,54172,14956,31169,baseline_no_grade_subgrade,baseline no grade/subgrade,HistGradientBoosting,HistGradientBoosting | baseline no grade/subgrade,,,
hist_gradient_boosting,hist_gradient_boosting_no_grade_subgrade,test,best_validation_f1,195749,0.210315,0.18289,0.709575,0.380035,0.151336,0.321367,0.688212,0.43814,94749,59831,12836,28333,baseline_no_grade_subgrade,baseline no grade/subgrade,HistGradientBoosting,HistGradientBoosting | baseline no grade/subgrade,,,
random_forest,random_forest_no_grade_subgrade,train,best_validation_f1,962641,0.1883,0.443294,0.740232,0.399702,0.199573,0.297199,0.762006,0.427618,454745,326631,43140,138125,baseline_no_grade_subgrade,baseline no grade/subgrade,Random Forest,Random Forest | baseline no grade/subgrade,,,
random_forest,random_forest_no_grade_subgrade,validation,best_validation_f1,186920,0.246763,0.443294,0.696983,0.416275,0.209809,0.351879,0.714797,0.4716,80068,60727,13155,32970,baseline_no_grade_subgrade,baseline no grade/subgrade,Random Forest,Random Forest | baseline no grade/subgrade,,,
random_forest,random_forest_no_grade_subgrade,test,best_validation_f1,195749,0.210315,0.443294,0.704153,0.370329,0.203629,0.312537,0.71413,0.434789,89911,64669,11769,29400,baseline_no_grade_subgrade,baseline no grade/subgrade,Random Forest,Random Forest | baseline no grade/subgrade,,,
lightgbm,lightgbm_06_no_grade_subgrade,train,best_validation_f1,962641,0.1883,0.468473,0.738094,0.398299,0.20606,0.304714,0.73221,0.430339,478531,302845,48541,132724,baseline_no_grade_subgrade,baseline no grade/subgrade,LightGBM,LightGBM | baseline no grade/subgrade,,,
lightgbm,lightgbm_06_no_grade_subgrade,validation,best_validation_f1,186920,0.246763,0.468473,0.702179,0.424132,0.21914,0.357799,0.706515,0.47503,82304,58491,13537,32588,baseline_no_grade_subgrade,baseline no grade/subgrade,LightGBM,LightGBM | baseline no grade/subgrade,,,
lightgbm,lightgbm_06_no_grade_subgrade,test,best_validation_f1,195749,0.210315,0.468473,0.710277,0.379359,0.215386,0.317702,0.708106,0.438613,91973,62607,12017,29152,baseline_no_grade_subgrade,baseline no grade/subgrade,LightGBM,LightGBM | baseline no grade/subgrade,,,
xgboost,xgboost_05_no_grade_subgrade,train,best_validation_f1,962641,0.1883,0.462322,0.73329,0.393962,0.208311,0.298251,0.738229,0.424856,466525,314851,47450,133815,baseline_no_grade_subgrade,baseline no grade/subgrade,XGBoost,XGBoost | baseline no grade/subgrade,,,
xgboost,xgboost_05_no_grade_subgrade,validation,best_validation_f1,186920,0.246763,0.462322,0.701651,0.425118,0.219255,0.354651,0.714645,0.474049,80813,59982,13162,32963,baseline_no_grade_subgrade,baseline no grade/subgrade,XGBoost,XGBoost | baseline no grade/subgrade,,,
xgboost,xgboost_05_no_grade_subgrade,test,best_validation_f1,195749,0.210315,0.462322,0.709727,0.379252,0.215267,0.31434,0.718915,0.437421,90021,64559,11572,29597,baseline_no_grade_subgrade,baseline no grade/subgrade,XGBoost,XGBoost | baseline no grade/subgrade,,,
catboost,catboost_03_no_grade_subgrade,train,best_validation_f1,962641,0.1883,0.465666,0.72547,0.382796,0.212323,0.291954,0.737252,0.418272,457278,324098,47627,133638,baseline_no_grade_subgrade,baseline no grade/subgrade,CatBoost,CatBoost | baseline no grade/subgrade,,,
catboost,catboost_03_no_grade_subgrade,validation,best_validation_f1,186920,0.246763,0.465666,0.699047,0.421277,0.220366,0.352698,0.715772,0.472547,80203,60592,13110,33015,baseline_no_grade_subgrade,baseline no grade/subgrade,CatBoost,CatBoost | baseline no grade/subgrade,,,
catboost,catboost_03_no_grade_subgrade,test,best_validation_f1,195749,0.210315,0.465666,0.70599,0.374111,0.218168,0.310243,0.727683,0.435019,87975,66605,11211,29958,baseline_no_grade_subgrade,baseline no grade/subgrade,CatBoost,CatBoost | baseline no grade/subgrade,,,
logistic_regression,logistic_regression_04_missingness_challenger,train,best_validation_f1,962641,0.1883,0.470337,0.719991,0.372925,0.213948,0.293862,0.715516,0.416619,469717,311659,51567,129698,missingness_challenger,missingness challenger,Logistic Regression,Logistic Regression | missingness challenger,441357.0,0.458486,0.706138
logistic_regression,logistic_regression_04_missingness_challenger,train,target_validation_precision,962641,0.1883,0.562989,0.719991,0.372925,0.213948,0.345364,0.538411,0.420803,596385,184991,83670,97595,missingness_challenger,missingness challenger,Logistic Regression,Logistic Regression | missingness challenger,282586.0,0.293553,0.654636
logistic_regression,logistic_regression_04_missingness_challenger,validation,best_validation_f1,186920,0.246763,0.470337,0.69546,0.412281,0.223974,0.354561,0.700206,0.47075,82002,58793,13828,32297,missingness_challenger,missingness challenger,Logistic Regression,Logistic Regression | missingness challenger,91090.0,0.487321,0.645439
logistic_regression,logistic_regression_04_missingness_challenger,validation,target_validation_precision,186920,0.246763,0.562989,0.69546,0.412281,0.223974,0.40001,0.509247,0.448067,105563,35232,22636,23489,missingness_challenger,missingness challenger,Logistic Regression,Logistic Regression | missingness challenger,58721.0,0.31415,0.59999
logistic_regression,logistic_regression_04_missingness_challenger,test,best_validation_f1,195749,0.210315,0.470337,0.699982,0.361508,0.224967,0.31009,0.711531,0.431939,89407,65173,11876,29293,missingness_challenger,missingness challenger,Logistic Regression,Logistic Regression | missingness challenger,94466.0,0.482587,0.68991
logistic_regression,logistic_regression_04_missingness_challenger,test,target_validation_precision,195749,0.210315,0.562989,0.699982,0.361508,0.224967,0.348154,0.538633,0.422937,113062,41518,18994,22175,missingness_challenger,missingness challenger,Logistic Regression,Logistic Regression | missingness challenger,63693.0,0.325381,0.651846
random_forest,random_forest_03_missingness_challenger,train,best_validation_f1,962641,0.1883,0.427279,0.738364,0.398642,0.194872,0.293323,0.767302,0.424405,446291,335085,42180,139085,missingness_challenger,missingness challenger,Random Forest,Random Forest | missingness challenger,474170.0,0.492572,0.706677
random_forest,random_forest_03_missingness_challenger,train,target_validation_precision,962641,0.1883,0.523309,0.738364,0.398642,0.194872,0.355818,0.574915,0.439579,592708,188668,77053,104212,missingness_challenger,missingness challenger,Random Forest,Random Forest | missingness challenger,292880.0,0.304246,0.644182
random_forest,random_forest_03_missingness_challenger,validation,best_validation_f1,186920,0.246763,0.427279,0.694841,0.415314,0.207781,0.344976,0.731707,0.468887,76712,64083,12375,33750,missingness_challenger,missingness challenger,Random Forest,Random Forest | missingness challenger,97833.0,0.523395,0.655024
random_forest,random_forest_03_missingness_challenger,validation,target_validation_precision,186920,0.246763,0.523309,0.694841,0.415314,0.207781,0.399993,0.509051,0.44798,105574,35221,22645,23480,missingness_challenger,missingness challenger,Random Forest,Random Forest | missingness challenger,58701.0,0.314043,0.600007
random_forest,random_forest_03_missingness_challenger,test,best_validation_f1,195749,0.210315,0.427279,0.703705,0.371062,0.200396,0.307384,0.729189,0.432465,86937,67643,11149,30020,missingness_challenger,missingness challenger,Random Forest,Random Forest | missingness challenger,97663.0,0.49892,0.692616
random_forest,random_forest_03_missingness_challenger,test,target_validation_precision,195749,0.210315,0.523309,0.703705,0.371062,0.200396,0.359181,0.520829,0.425158,116325,38255,19727,21442,missingness_challenger,missingness challenger,Random Forest,Random Forest | missingness challenger,59697.0,0.304967,0.640819
hist_gradient_boosting,hist_gradient_boosting_06_missingness_challenger,train,best_validation_f1,962641,0.1883,0.461866,0.736,0.395666,0.206678,0.300002,0.742101,0.427274,467506,313870,46748,134517,missingness_challenger,missingness challenger,HistGradientBoosting,HistGradientBoosting | missingness challenger,448387.0,0.465788,0.699998
hist_gradient_boosting,hist_gradient_boosting_06_missingness_challenger,train,target_validation_precision,962641,0.1883,0.549135,0.736,0.395666,0.206678,0.349961,0.583102,0.437405,585050,196326,75569,105696,missingness_challenger,missingness challenger,HistGradientBoosting,HistGradientBoosting | missingness challenger,302022.0,0.313743,0.650039
hist_gradient_boosting,hist_gradient_boosting_06_missingness_challenger,validation,best_validation_f1,186920,0.246763,0.461866,0.700996,0.42386,0.217615,0.353878,0.717138,0.473904,80400,60395,13047,33078,missingness_challenger,missingness challenger,HistGradientBoosting,HistGradientBoosting | missingness challenger,93473.0,0.50007,0.646122
hist_gradient_boosting,hist_gradient_boosting_06_missingness_challenger,validation,target_validation_precision,186920,0.246763,0.549135,0.700996,0.42386,0.217615,0.400003,0.539295,0.459321,103483,37312,21250,24875,missingness_challenger,missingness challenger,HistGradientBoosting,HistGradientBoosting | missingness challenger,62187.0,0.332693,0.599997
hist_gradient_boosting,hist_gradient_boosting_06_missingness_challenger,test,best_validation_f1,195749,0.210315,0.461866,0.709238,0.377731,0.211861,0.316077,0.711871,0.437777,91166,63414,11862,29307,missingness_challenger,missingness challenger,HistGradientBoosting,HistGradientBoosting | missingness challenger,92721.0,0.473673,0.683923
hist_gradient_boosting,hist_gradient_boosting_06_missingness_challenger,test,target_validation_precision,195749,0.210315,0.549135,0.709238,0.377731,0.211861,0.357665,0.545702,0.432113,114233,40347,18703,22466,missingness_challenger,missingness challenger,HistGradientBoosting,HistGradientBoosting | missingness challenger,62813.0,0.320885,0.642335
lightgbm,lightgbm_03_missingness_challenger,train,best_validation_f1,962641,0.1883,0.474301,0.740134,0.400705,0.205198,0.309491,0.725049,0.433809,488150,293226,49839,131426,missingness_challenger,missingness challenger,LightGBM,LightGBM | missingness challenger,424652.0,0.441132,0.690509
lightgbm,lightgbm_03_missingness_challenger,train,target_validation_precision,962641,0.1883,0.546402,0.740134,0.400705,0.205198,0.351264,0.594831,0.441695,582244,199132,73443,107822,missingness_challenger,missingness challenger,LightGBM,LightGBM | missingness challenger,306954.0,0.318867,0.648736
lightgbm,lightgbm_03_missingness_challenger,validation,best_validation_f1,186920,0.246763,0.474301,0.702981,0.424804,0.21729,0.361194,0.694157,0.47515,84168,56627,14107,32018,missingness_challenger,missingness challenger,LightGBM,LightGBM | missingness challenger,88645.0,0.47424,0.638806
lightgbm,lightgbm_03_missingness_challenger,validation,target_validation_precision,186920,0.246763,0.546402,0.702981,0.424804,0.21729,0.399991,0.550266,0.463246,102722,38073,20744,25381,missingness_challenger,missingness challenger,LightGBM,LightGBM | missingness challenger,63454.0,0.339471,0.600009
lightgbm,lightgbm_03_missingness_challenger,test,best_validation_f1,195749,0.210315,0.474301,0.711344,0.379781,0.212109,0.322256,0.692293,0.439793,94639,59941,12668,28501,missingness_challenger,missingness challenger,LightGBM,LightGBM | missingness challenger,88442.0,0.451813,0.677744
lightgbm,lightgbm_03_missingness_challenger,test,target_validation_precision,195749,0.210315,0.546402,0.711344,0.379781,0.212109,0.358023,0.556754,0.435802,113480,41100,18248,22921,missingness_challenger,missingness challenger,LightGBM,LightGBM | missingness challenger,64021.0,0.327057,0.641977
xgboost,xgboost_05_missingness_challenger,train,best_validation_f1,962641,0.1883,0.464113,0.734619,0.395335,0.207885,0.299862,0.737484,0.426364,469251,312125,47585,133680,missingness_challenger,missingness challenger,XGBoost,XGBoost | missingness challenger,445805.0,0.463106,0.700138
xgboost,xgboost_05_missingness_challenger,train,target_validation_precision,962641,0.1883,0.548071,0.734619,0.395335,0.207885,0.348382,0.584763,0.436633,583118,198258,75268,105997,missingness_challenger,missingness challenger,XGBoost,XGBoost | missingness challenger,304255.0,0.316063,0.651618
xgboost,xgboost_05_missingness_challenger,validation,best_validation_f1,186920,0.246763,0.464113,0.702088,0.425707,0.217997,0.354607,0.714949,0.474077,80776,60019,13148,32977,missingness_challenger,missingness challenger,XGBoost,XGBoost | missingness challenger,92996.0,0.497518,0.645393
xgboost,xgboost_05_missingness_challenger,validation,target_validation_precision,186920,0.246763,0.548071,0.702088,0.425707,0.217997,0.400006,0.542569,0.460507,103257,37538,21099,25026,missingness_challenger,missingness challenger,XGBoost,XGBoost | missingness challenger,62564.0,0.33471,0.599994
xgboost,xgboost_05_missingness_challenger,test,best_validation_f1,195749,0.210315,0.464113,0.710474,0.380189,0.212454,0.316102,0.7143,0.43826,90957,63623,11762,29407,missingness_challenger,missingness challenger,XGBoost,XGBoost | missingness challenger,93030.0,0.475251,0.683898
xgboost,xgboost_05_missingness_challenger,test,target_validation_precision,195749,0.210315,0.548071,0.710474,0.380189,0.212454,0.357903,0.55056,0.433803,113916,40664,18503,22666,missingness_challenger,missingness challenger,XGBoost,XGBoost | missingness challenger,63330.0,0.323527,0.642097
catboost,catboost_04_missingness_challenger,train,best_validation_f1,962641,0.1883,0.475722,0.723935,0.380458,0.212222,0.296011,0.718462,0.419277,471651,309725,51033,130232,missingness_challenger,missingness challenger,CatBoost,CatBoost | missingness challenger,439957.0,0.457031,0.703989
catboost,catboost_04_missingness_challenger,train,target_validation_precision,962641,0.1883,0.555014,0.723935,0.380458,0.212222,0.342291,0.56664,0.426778,584016,197360,78553,102712,missingness_challenger,missingness challenger,CatBoost,CatBoost | missingness challenger,300072.0,0.311717,0.657709
catboost,catboost_04_missingness_challenger,validation,best_validation_f1,186920,0.246763,0.475722,0.698633,0.420745,0.219273,0.357381,0.696802,0.472449,83003,57792,13985,32140,missingness_challenger,missingness challenger,CatBoost,CatBoost | missingness challenger,89932.0,0.481126,0.642619
catboost,catboost_04_missingness_challenger,validation,target_validation_precision,186920,0.246763,0.555014,0.698633,0.420745,0.219273,0.400007,0.529995,0.455916,104127,36668,21679,24446,missingness_challenger,missingness challenger,CatBoost,CatBoost | missingness challenger,61114.0,0.326953,0.599993
catboost,catboost_04_missingness_challenger,test,best_validation_f1,195749,0.210315,0.475722,0.705278,0.373893,0.214881,0.315858,0.699968,0.435292,92163,62417,12352,28817,missingness_challenger,missingness challenger,CatBoost,CatBoost | missingness challenger,91234.0,0.466076,0.684142
catboost,catboost_04_missingness_challenger,test,target_validation_precision,195749,0.210315,0.555014,0.705278,0.373893,0.214881,0.353998,0.540237,0.427724,113993,40587,18928,22241,missingness_challenger,missingness challenger,CatBoost,CatBoost | missingness challenger,62828.0,0.320962,0.646002
