model_family,model_label,model,dataset,dataset_label,model_dataset_label,split,review_pct,review_count,captured_bad,precision,recall,base_bad_rate,lift_over_base_bad_rate
logistic_regression,Logistic Regression,logistic_regression_08_missingness_challenger_no_grade_subgrade,missingness_challenger_no_grade_subgrade,missingness challenger no grade/subgrade,Logistic Regression | missingness challenger no grade/subgrade,validation,1.0,1870,1124,0.60107,0.024369,0.246763,2.435814
logistic_regression,Logistic Regression,logistic_regression_08_missingness_challenger_no_grade_subgrade,missingness_challenger_no_grade_subgrade,missingness challenger no grade/subgrade,Logistic Regression | missingness challenger no grade/subgrade,validation,2.0,3739,2188,0.585183,0.047436,0.246763,2.371435
logistic_regression,Logistic Regression,logistic_regression_08_missingness_challenger_no_grade_subgrade,missingness_challenger_no_grade_subgrade,missingness challenger no grade/subgrade,Logistic Regression | missingness challenger no grade/subgrade,validation,5.0,9346,5053,0.540659,0.10955,0.246763,2.191003
logistic_regression,Logistic Regression,logistic_regression_08_missingness_challenger_no_grade_subgrade,missingness_challenger_no_grade_subgrade,missingness challenger no grade/subgrade,Logistic Regression | missingness challenger no grade/subgrade,validation,10.0,18692,9264,0.495613,0.200846,0.246763,2.008455
logistic_regression,Logistic Regression,logistic_regression_08_missingness_challenger_no_grade_subgrade,missingness_challenger_no_grade_subgrade,missingness challenger no grade/subgrade,Logistic Regression | missingness challenger no grade/subgrade,validation,15.0,28038,13024,0.464512,0.282363,0.246763,1.882421
logistic_regression,Logistic Regression,logistic_regression_08_missingness_challenger_no_grade_subgrade,missingness_challenger_no_grade_subgrade,missingness challenger no grade/subgrade,Logistic Regression | missingness challenger no grade/subgrade,validation,20.0,37384,16481,0.440857,0.357312,0.246763,1.786558
logistic_regression,Logistic Regression,logistic_regression_08_missingness_challenger_no_grade_subgrade,missingness_challenger_no_grade_subgrade,missingness challenger no grade/subgrade,Logistic Regression | missingness challenger no grade/subgrade,validation,25.0,46730,19709,0.421763,0.427295,0.246763,1.709182
logistic_regression,Logistic Regression,logistic_regression_08_missingness_challenger_no_grade_subgrade,missingness_challenger_no_grade_subgrade,missingness challenger no grade/subgrade,Logistic Regression | missingness challenger no grade/subgrade,validation,30.0,56076,22676,0.40438,0.491621,0.246763,1.638735
logistic_regression,Logistic Regression,logistic_regression_08_missingness_challenger_no_grade_subgrade,missingness_challenger_no_grade_subgrade,missingness challenger no grade/subgrade,Logistic Regression | missingness challenger no grade/subgrade,test,1.0,1958,1021,0.52145,0.0248,0.210315,2.479375
logistic_regression,Logistic Regression,logistic_regression_08_missingness_challenger_no_grade_subgrade,missingness_challenger_no_grade_subgrade,missingness challenger no grade/subgrade,Logistic Regression | missingness challenger no grade/subgrade,test,2.0,3915,2015,0.514687,0.048945,0.210315,2.447217
logistic_regression,Logistic Regression,logistic_regression_08_missingness_challenger_no_grade_subgrade,missingness_challenger_no_grade_subgrade,missingness challenger no grade/subgrade,Logistic Regression | missingness challenger no grade/subgrade,test,5.0,9788,4598,0.469759,0.111686,0.210315,2.233594
logistic_regression,Logistic Regression,logistic_regression_08_missingness_challenger_no_grade_subgrade,missingness_challenger_no_grade_subgrade,missingness challenger no grade/subgrade,Logistic Regression | missingness challenger no grade/subgrade,test,10.0,19575,8494,0.433921,0.20632,0.210315,2.063192
logistic_regression,Logistic Regression,logistic_regression_08_missingness_challenger_no_grade_subgrade,missingness_challenger_no_grade_subgrade,missingness challenger no grade/subgrade,Logistic Regression | missingness challenger no grade/subgrade,test,15.0,29363,11961,0.407349,0.290534,0.210315,1.936851
logistic_regression,Logistic Regression,logistic_regression_08_missingness_challenger_no_grade_subgrade,missingness_challenger_no_grade_subgrade,missingness challenger no grade/subgrade,Logistic Regression | missingness challenger no grade/subgrade,test,20.0,39150,15123,0.386284,0.36734,0.210315,1.836688
logistic_regression,Logistic Regression,logistic_regression_08_missingness_challenger_no_grade_subgrade,missingness_challenger_no_grade_subgrade,missingness challenger no grade/subgrade,Logistic Regression | missingness challenger no grade/subgrade,test,25.0,48938,18069,0.369222,0.438898,0.210315,1.755566
logistic_regression,Logistic Regression,logistic_regression_08_missingness_challenger_no_grade_subgrade,missingness_challenger_no_grade_subgrade,missingness challenger no grade/subgrade,Logistic Regression | missingness challenger no grade/subgrade,test,30.0,58725,20807,0.354312,0.505405,0.210315,1.684673
random_forest,Random Forest,random_forest_02_missingness_challenger_no_grade_subgrade,missingness_challenger_no_grade_subgrade,missingness challenger no grade/subgrade,Random Forest | missingness challenger no grade/subgrade,validation,1.0,1870,1164,0.62246,0.025236,0.246763,2.522498
random_forest,Random Forest,random_forest_02_missingness_challenger_no_grade_subgrade,missingness_challenger_no_grade_subgrade,missingness challenger no grade/subgrade,Random Forest | missingness challenger no grade/subgrade,validation,2.0,3739,2259,0.604172,0.048976,0.246763,2.448388
random_forest,Random Forest,random_forest_02_missingness_challenger_no_grade_subgrade,missingness_challenger_no_grade_subgrade,missingness challenger no grade/subgrade,Random Forest | missingness challenger no grade/subgrade,validation,5.0,9346,5100,0.545688,0.110569,0.246763,2.211382
random_forest,Random Forest,random_forest_02_missingness_challenger_no_grade_subgrade,missingness_challenger_no_grade_subgrade,missingness challenger no grade/subgrade,Random Forest | missingness challenger no grade/subgrade,validation,10.0,18692,9345,0.499947,0.202602,0.246763,2.026016
random_forest,Random Forest,random_forest_02_missingness_challenger_no_grade_subgrade,missingness_challenger_no_grade_subgrade,missingness challenger no grade/subgrade,Random Forest | missingness challenger no grade/subgrade,validation,15.0,28038,13045,0.465261,0.282818,0.246763,1.885456
random_forest,Random Forest,random_forest_02_missingness_challenger_no_grade_subgrade,missingness_challenger_no_grade_subgrade,missingness challenger no grade/subgrade,Random Forest | missingness challenger no grade/subgrade,validation,20.0,37384,16542,0.442489,0.358634,0.246763,1.793171
random_forest,Random Forest,random_forest_02_missingness_challenger_no_grade_subgrade,missingness_challenger_no_grade_subgrade,missingness challenger no grade/subgrade,Random Forest | missingness challenger no grade/subgrade,validation,25.0,46730,19742,0.42247,0.428011,0.246763,1.712043
random_forest,Random Forest,random_forest_02_missingness_challenger_no_grade_subgrade,missingness_challenger_no_grade_subgrade,missingness challenger no grade/subgrade,Random Forest | missingness challenger no grade/subgrade,validation,30.0,56076,22789,0.406395,0.49407,0.246763,1.646902
random_forest,Random Forest,random_forest_02_missingness_challenger_no_grade_subgrade,missingness_challenger_no_grade_subgrade,missingness challenger no grade/subgrade,Random Forest | missingness challenger no grade/subgrade,test,1.0,1958,1073,0.548008,0.026063,0.210315,2.605651
random_forest,Random Forest,random_forest_02_missingness_challenger_no_grade_subgrade,missingness_challenger_no_grade_subgrade,missingness challenger no grade/subgrade,Random Forest | missingness challenger no grade/subgrade,test,2.0,3915,2099,0.536143,0.050985,0.210315,2.549235
random_forest,Random Forest,random_forest_02_missingness_challenger_no_grade_subgrade,missingness_challenger_no_grade_subgrade,missingness challenger no grade/subgrade,Random Forest | missingness challenger no grade/subgrade,test,5.0,9788,4725,0.482734,0.114771,0.210315,2.295287
random_forest,Random Forest,random_forest_02_missingness_challenger_no_grade_subgrade,missingness_challenger_no_grade_subgrade,missingness challenger no grade/subgrade,Random Forest | missingness challenger no grade/subgrade,test,10.0,19575,8568,0.437701,0.208118,0.210315,2.081167
random_forest,Random Forest,random_forest_02_missingness_challenger_no_grade_subgrade,missingness_challenger_no_grade_subgrade,missingness challenger no grade/subgrade,Random Forest | missingness challenger no grade/subgrade,test,15.0,29363,12051,0.410414,0.29272,0.210315,1.951425
random_forest,Random Forest,random_forest_02_missingness_challenger_no_grade_subgrade,missingness_challenger_no_grade_subgrade,missingness challenger no grade/subgrade,Random Forest | missingness challenger no grade/subgrade,test,20.0,39150,15394,0.393206,0.373922,0.210315,1.869601
random_forest,Random Forest,random_forest_02_missingness_challenger_no_grade_subgrade,missingness_challenger_no_grade_subgrade,missingness challenger no grade/subgrade,Random Forest | missingness challenger no grade/subgrade,test,25.0,48938,18375,0.375475,0.446331,0.210315,1.785297
random_forest,Random Forest,random_forest_02_missingness_challenger_no_grade_subgrade,missingness_challenger_no_grade_subgrade,missingness challenger no grade/subgrade,Random Forest | missingness challenger no grade/subgrade,test,30.0,58725,21086,0.359063,0.512181,0.210315,1.707263
hist_gradient_boosting,HistGradientBoosting,hist_gradient_boosting_03_missingness_challenger_no_grade_subgrade,missingness_challenger_no_grade_subgrade,missingness challenger no grade/subgrade,HistGradientBoosting | missingness challenger no grade/subgrade,validation,1.0,1870,1192,0.637433,0.025843,0.246763,2.583176
hist_gradient_boosting,HistGradientBoosting,hist_gradient_boosting_03_missingness_challenger_no_grade_subgrade,missingness_challenger_no_grade_subgrade,missingness challenger no grade/subgrade,HistGradientBoosting | missingness challenger no grade/subgrade,validation,2.0,3739,2289,0.612196,0.049626,0.246763,2.480903
hist_gradient_boosting,HistGradientBoosting,hist_gradient_boosting_03_missingness_challenger_no_grade_subgrade,missingness_challenger_no_grade_subgrade,missingness challenger no grade/subgrade,HistGradientBoosting | missingness challenger no grade/subgrade,validation,5.0,9346,5180,0.554248,0.112304,0.246763,2.24607
hist_gradient_boosting,HistGradientBoosting,hist_gradient_boosting_03_missingness_challenger_no_grade_subgrade,missingness_challenger_no_grade_subgrade,missingness challenger no grade/subgrade,HistGradientBoosting | missingness challenger no grade/subgrade,validation,10.0,18692,9549,0.51086,0.207024,0.246763,2.070244
hist_gradient_boosting,HistGradientBoosting,hist_gradient_boosting_03_missingness_challenger_no_grade_subgrade,missingness_challenger_no_grade_subgrade,missingness challenger no grade/subgrade,HistGradientBoosting | missingness challenger no grade/subgrade,validation,15.0,28038,13288,0.473928,0.288087,0.246763,1.920578
hist_gradient_boosting,HistGradientBoosting,hist_gradient_boosting_03_missingness_challenger_no_grade_subgrade,missingness_challenger_no_grade_subgrade,missingness challenger no grade/subgrade,HistGradientBoosting | missingness challenger no grade/subgrade,validation,20.0,37384,16696,0.446608,0.361973,0.246763,1.809864
hist_gradient_boosting,HistGradientBoosting,hist_gradient_boosting_03_missingness_challenger_no_grade_subgrade,missingness_challenger_no_grade_subgrade,missingness challenger no grade/subgrade,HistGradientBoosting | missingness challenger no grade/subgrade,validation,25.0,46730,19935,0.4266,0.432195,0.246763,1.72878
hist_gradient_boosting,HistGradientBoosting,hist_gradient_boosting_03_missingness_challenger_no_grade_subgrade,missingness_challenger_no_grade_subgrade,missingness challenger no grade/subgrade,HistGradientBoosting | missingness challenger no grade/subgrade,validation,30.0,56076,22995,0.410068,0.498537,0.246763,1.661789
hist_gradient_boosting,HistGradientBoosting,hist_gradient_boosting_03_missingness_challenger_no_grade_subgrade,missingness_challenger_no_grade_subgrade,missingness challenger no grade/subgrade,HistGradientBoosting | missingness challenger no grade/subgrade,test,1.0,1958,1095,0.559244,0.026598,0.210315,2.659075
hist_gradient_boosting,HistGradientBoosting,hist_gradient_boosting_03_missingness_challenger_no_grade_subgrade,missingness_challenger_no_grade_subgrade,missingness challenger no grade/subgrade,HistGradientBoosting | missingness challenger no grade/subgrade,test,2.0,3915,2080,0.53129,0.050523,0.210315,2.52616
hist_gradient_boosting,HistGradientBoosting,hist_gradient_boosting_03_missingness_challenger_no_grade_subgrade,missingness_challenger_no_grade_subgrade,missingness challenger no grade/subgrade,HistGradientBoosting | missingness challenger no grade/subgrade,test,5.0,9788,4811,0.49152,0.11686,0.210315,2.337064
hist_gradient_boosting,HistGradientBoosting,hist_gradient_boosting_03_missingness_challenger_no_grade_subgrade,missingness_challenger_no_grade_subgrade,missingness challenger no grade/subgrade,HistGradientBoosting | missingness challenger no grade/subgrade,test,10.0,19575,8805,0.449808,0.213875,0.210315,2.138734
hist_gradient_boosting,HistGradientBoosting,hist_gradient_boosting_03_missingness_challenger_no_grade_subgrade,missingness_challenger_no_grade_subgrade,missingness challenger no grade/subgrade,HistGradientBoosting | missingness challenger no grade/subgrade,test,15.0,29363,12369,0.421244,0.300445,0.210315,2.002919
hist_gradient_boosting,HistGradientBoosting,hist_gradient_boosting_03_missingness_challenger_no_grade_subgrade,missingness_challenger_no_grade_subgrade,missingness challenger no grade/subgrade,HistGradientBoosting | missingness challenger no grade/subgrade,test,20.0,39150,15608,0.398672,0.37912,0.210315,1.895591
hist_gradient_boosting,HistGradientBoosting,hist_gradient_boosting_03_missingness_challenger_no_grade_subgrade,missingness_challenger_no_grade_subgrade,missingness challenger no grade/subgrade,HistGradientBoosting | missingness challenger no grade/subgrade,test,25.0,48938,18589,0.379848,0.451529,0.210315,1.806089
hist_gradient_boosting,HistGradientBoosting,hist_gradient_boosting_03_missingness_challenger_no_grade_subgrade,missingness_challenger_no_grade_subgrade,missingness challenger no grade/subgrade,HistGradientBoosting | missingness challenger no grade/subgrade,test,30.0,58725,21317,0.362997,0.517793,0.210315,1.725966
lightgbm,LightGBM,lightgbm_06_missingness_challenger_no_grade_subgrade,missingness_challenger_no_grade_subgrade,missingness challenger no grade/subgrade,LightGBM | missingness challenger no grade/subgrade,validation,1.0,1870,1183,0.63262,0.025648,0.246763,2.563672
lightgbm,LightGBM,lightgbm_06_missingness_challenger_no_grade_subgrade,missingness_challenger_no_grade_subgrade,missingness challenger no grade/subgrade,LightGBM | missingness challenger no grade/subgrade,validation,2.0,3739,2270,0.607114,0.049214,0.246763,2.46031
lightgbm,LightGBM,lightgbm_06_missingness_challenger_no_grade_subgrade,missingness_challenger_no_grade_subgrade,missingness challenger no grade/subgrade,LightGBM | missingness challenger no grade/subgrade,validation,5.0,9346,5197,0.556067,0.112672,0.246763,2.253442
lightgbm,LightGBM,lightgbm_06_missingness_challenger_no_grade_subgrade,missingness_challenger_no_grade_subgrade,missingness challenger no grade/subgrade,LightGBM | missingness challenger no grade/subgrade,validation,10.0,18692,9589,0.513,0.207892,0.246763,2.078916
lightgbm,LightGBM,lightgbm_06_missingness_challenger_no_grade_subgrade,missingness_challenger_no_grade_subgrade,missingness challenger no grade/subgrade,LightGBM | missingness challenger no grade/subgrade,validation,15.0,28038,13357,0.476389,0.289583,0.246763,1.930551
lightgbm,LightGBM,lightgbm_06_missingness_challenger_no_grade_subgrade,missingness_challenger_no_grade_subgrade,missingness challenger no grade/subgrade,LightGBM | missingness challenger no grade/subgrade,validation,20.0,37384,16796,0.449283,0.364141,0.246763,1.820705
lightgbm,LightGBM,lightgbm_06_missingness_challenger_no_grade_subgrade,missingness_challenger_no_grade_subgrade,missingness challenger no grade/subgrade,LightGBM | missingness challenger no grade/subgrade,validation,25.0,46730,20078,0.42966,0.435295,0.246763,1.741182
lightgbm,LightGBM,lightgbm_06_missingness_challenger_no_grade_subgrade,missingness_challenger_no_grade_subgrade,missingness challenger no grade/subgrade,LightGBM | missingness challenger no grade/subgrade,validation,30.0,56076,23125,0.412387,0.501355,0.246763,1.671183
lightgbm,LightGBM,lightgbm_06_missingness_challenger_no_grade_subgrade,missingness_challenger_no_grade_subgrade,missingness challenger no grade/subgrade,LightGBM | missingness challenger no grade/subgrade,test,1.0,1958,1121,0.572523,0.027229,0.210315,2.722213
lightgbm,LightGBM,lightgbm_06_missingness_challenger_no_grade_subgrade,missingness_challenger_no_grade_subgrade,missingness challenger no grade/subgrade,LightGBM | missingness challenger no grade/subgrade,test,2.0,3915,2110,0.538953,0.051252,0.210315,2.562595
lightgbm,LightGBM,lightgbm_06_missingness_challenger_no_grade_subgrade,missingness_challenger_no_grade_subgrade,missingness challenger no grade/subgrade,LightGBM | missingness challenger no grade/subgrade,test,5.0,9788,4836,0.494074,0.117467,0.210315,2.349209
lightgbm,LightGBM,lightgbm_06_missingness_challenger_no_grade_subgrade,missingness_challenger_no_grade_subgrade,missingness challenger no grade/subgrade,LightGBM | missingness challenger no grade/subgrade,test,10.0,19575,8883,0.453793,0.215769,0.210315,2.15768
lightgbm,LightGBM,lightgbm_06_missingness_challenger_no_grade_subgrade,missingness_challenger_no_grade_subgrade,missingness challenger no grade/subgrade,LightGBM | missingness challenger no grade/subgrade,test,15.0,29363,12436,0.423526,0.302072,0.210315,2.013768
lightgbm,LightGBM,lightgbm_06_missingness_challenger_no_grade_subgrade,missingness_challenger_no_grade_subgrade,missingness challenger no grade/subgrade,LightGBM | missingness challenger no grade/subgrade,test,20.0,39150,15715,0.401405,0.381719,0.210315,1.908587
lightgbm,LightGBM,lightgbm_06_missingness_challenger_no_grade_subgrade,missingness_challenger_no_grade_subgrade,missingness challenger no grade/subgrade,LightGBM | missingness challenger no grade/subgrade,test,25.0,48938,18687,0.381851,0.453909,0.210315,1.81561
lightgbm,LightGBM,lightgbm_06_missingness_challenger_no_grade_subgrade,missingness_challenger_no_grade_subgrade,missingness challenger no grade/subgrade,LightGBM | missingness challenger no grade/subgrade,test,30.0,58725,21420,0.364751,0.520294,0.210315,1.734306
xgboost,XGBoost,xgboost_05_missingness_challenger_no_grade_subgrade,missingness_challenger_no_grade_subgrade,missingness challenger no grade/subgrade,XGBoost | missingness challenger no grade/subgrade,validation,1.0,1870,1216,0.650267,0.026363,0.246763,2.635187
xgboost,XGBoost,xgboost_05_missingness_challenger_no_grade_subgrade,missingness_challenger_no_grade_subgrade,missingness challenger no grade/subgrade,XGBoost | missingness challenger no grade/subgrade,validation,2.0,3739,2280,0.609789,0.049431,0.246763,2.471148
xgboost,XGBoost,xgboost_05_missingness_challenger_no_grade_subgrade,missingness_challenger_no_grade_subgrade,missingness challenger no grade/subgrade,XGBoost | missingness challenger no grade/subgrade,validation,5.0,9346,5205,0.556923,0.112846,0.246763,2.256911
xgboost,XGBoost,xgboost_05_missingness_challenger_no_grade_subgrade,missingness_challenger_no_grade_subgrade,missingness challenger no grade/subgrade,XGBoost | missingness challenger no grade/subgrade,validation,10.0,18692,9614,0.514338,0.208434,0.246763,2.084336
xgboost,XGBoost,xgboost_05_missingness_challenger_no_grade_subgrade,missingness_challenger_no_grade_subgrade,missingness challenger no grade/subgrade,XGBoost | missingness challenger no grade/subgrade,validation,15.0,28038,13353,0.476247,0.289496,0.246763,1.929973
xgboost,XGBoost,xgboost_05_missingness_challenger_no_grade_subgrade,missingness_challenger_no_grade_subgrade,missingness challenger no grade/subgrade,XGBoost | missingness challenger no grade/subgrade,validation,20.0,37384,16804,0.449497,0.364314,0.246763,1.821572
xgboost,XGBoost,xgboost_05_missingness_challenger_no_grade_subgrade,missingness_challenger_no_grade_subgrade,missingness challenger no grade/subgrade,XGBoost | missingness challenger no grade/subgrade,validation,25.0,46730,20055,0.429168,0.434797,0.246763,1.739187
xgboost,XGBoost,xgboost_05_missingness_challenger_no_grade_subgrade,missingness_challenger_no_grade_subgrade,missingness challenger no grade/subgrade,XGBoost | missingness challenger no grade/subgrade,validation,30.0,56076,23070,0.411406,0.500163,0.246763,1.667209
xgboost,XGBoost,xgboost_05_missingness_challenger_no_grade_subgrade,missingness_challenger_no_grade_subgrade,missingness challenger no grade/subgrade,XGBoost | missingness challenger no grade/subgrade,test,1.0,1958,1118,0.570991,0.027156,0.210315,2.714928
xgboost,XGBoost,xgboost_05_missingness_challenger_no_grade_subgrade,missingness_challenger_no_grade_subgrade,missingness challenger no grade/subgrade,XGBoost | missingness challenger no grade/subgrade,test,2.0,3915,2130,0.544061,0.051738,0.210315,2.586885
xgboost,XGBoost,xgboost_05_missingness_challenger_no_grade_subgrade,missingness_challenger_no_grade_subgrade,missingness challenger no grade/subgrade,XGBoost | missingness challenger no grade/subgrade,test,5.0,9788,4864,0.496935,0.118147,0.210315,2.36281
xgboost,XGBoost,xgboost_05_missingness_challenger_no_grade_subgrade,missingness_challenger_no_grade_subgrade,missingness challenger no grade/subgrade,XGBoost | missingness challenger no grade/subgrade,test,10.0,19575,8903,0.454815,0.216255,0.210315,2.162538
xgboost,XGBoost,xgboost_05_missingness_challenger_no_grade_subgrade,missingness_challenger_no_grade_subgrade,missingness challenger no grade/subgrade,XGBoost | missingness challenger no grade/subgrade,test,15.0,29363,12462,0.424412,0.302703,0.210315,2.017979
xgboost,XGBoost,xgboost_05_missingness_challenger_no_grade_subgrade,missingness_challenger_no_grade_subgrade,missingness challenger no grade/subgrade,XGBoost | missingness challenger no grade/subgrade,test,20.0,39150,15744,0.402146,0.382424,0.210315,1.912109
xgboost,XGBoost,xgboost_05_missingness_challenger_no_grade_subgrade,missingness_challenger_no_grade_subgrade,missingness challenger no grade/subgrade,XGBoost | missingness challenger no grade/subgrade,test,25.0,48938,18686,0.38183,0.453885,0.210315,1.815513
xgboost,XGBoost,xgboost_05_missingness_challenger_no_grade_subgrade,missingness_challenger_no_grade_subgrade,missingness challenger no grade/subgrade,XGBoost | missingness challenger no grade/subgrade,test,30.0,58725,21429,0.364904,0.520513,0.210315,1.735034
catboost,CatBoost,catboost_02_missingness_challenger_no_grade_subgrade,missingness_challenger_no_grade_subgrade,missingness challenger no grade/subgrade,CatBoost | missingness challenger no grade/subgrade,validation,1.0,1870,1207,0.645455,0.026168,0.246763,2.615683
catboost,CatBoost,catboost_02_missingness_challenger_no_grade_subgrade,missingness_challenger_no_grade_subgrade,missingness challenger no grade/subgrade,CatBoost | missingness challenger no grade/subgrade,validation,2.0,3739,2241,0.599358,0.048585,0.246763,2.428878
catboost,CatBoost,catboost_02_missingness_challenger_no_grade_subgrade,missingness_challenger_no_grade_subgrade,missingness challenger no grade/subgrade,CatBoost | missingness challenger no grade/subgrade,validation,5.0,9346,5107,0.546437,0.110721,0.246763,2.214417
catboost,CatBoost,catboost_02_missingness_challenger_no_grade_subgrade,missingness_challenger_no_grade_subgrade,missingness challenger no grade/subgrade,CatBoost | missingness challenger no grade/subgrade,validation,10.0,18692,9397,0.502728,0.203729,0.246763,2.03729
catboost,CatBoost,catboost_02_missingness_challenger_no_grade_subgrade,missingness_challenger_no_grade_subgrade,missingness challenger no grade/subgrade,CatBoost | missingness challenger no grade/subgrade,validation,15.0,28038,13162,0.469434,0.285355,0.246763,1.902367
catboost,CatBoost,catboost_02_missingness_challenger_no_grade_subgrade,missingness_challenger_no_grade_subgrade,missingness challenger no grade/subgrade,CatBoost | missingness challenger no grade/subgrade,validation,20.0,37384,16652,0.445431,0.361019,0.246763,1.805095
catboost,CatBoost,catboost_02_missingness_challenger_no_grade_subgrade,missingness_challenger_no_grade_subgrade,missingness challenger no grade/subgrade,CatBoost | missingness challenger no grade/subgrade,validation,25.0,46730,19875,0.425316,0.430894,0.246763,1.723577
catboost,CatBoost,catboost_02_missingness_challenger_no_grade_subgrade,missingness_challenger_no_grade_subgrade,missingness challenger no grade/subgrade,CatBoost | missingness challenger no grade/subgrade,validation,30.0,56076,22865,0.40775,0.495718,0.246763,1.652394
catboost,CatBoost,catboost_02_missingness_challenger_no_grade_subgrade,missingness_challenger_no_grade_subgrade,missingness challenger no grade/subgrade,CatBoost | missingness challenger no grade/subgrade,test,1.0,1958,1116,0.569969,0.027108,0.210315,2.710071
catboost,CatBoost,catboost_02_missingness_challenger_no_grade_subgrade,missingness_challenger_no_grade_subgrade,missingness challenger no grade/subgrade,CatBoost | missingness challenger no grade/subgrade,test,2.0,3915,2122,0.542018,0.051544,0.210315,2.577169
catboost,CatBoost,catboost_02_missingness_challenger_no_grade_subgrade,missingness_challenger_no_grade_subgrade,missingness challenger no grade/subgrade,CatBoost | missingness challenger no grade/subgrade,test,5.0,9788,4767,0.487025,0.115791,0.210315,2.31569
catboost,CatBoost,catboost_02_missingness_challenger_no_grade_subgrade,missingness_challenger_no_grade_subgrade,missingness challenger no grade/subgrade,CatBoost | missingness challenger no grade/subgrade,test,10.0,19575,8722,0.445568,0.211858,0.210315,2.118574
catboost,CatBoost,catboost_02_missingness_challenger_no_grade_subgrade,missingness_challenger_no_grade_subgrade,missingness challenger no grade/subgrade,CatBoost | missingness challenger no grade/subgrade,test,15.0,29363,12274,0.418009,0.298137,0.210315,1.987536
catboost,CatBoost,catboost_02_missingness_challenger_no_grade_subgrade,missingness_challenger_no_grade_subgrade,missingness challenger no grade/subgrade,CatBoost | missingness challenger no grade/subgrade,test,20.0,39150,15456,0.394789,0.375428,0.210315,1.877131
catboost,CatBoost,catboost_02_missingness_challenger_no_grade_subgrade,missingness_challenger_no_grade_subgrade,missingness challenger no grade/subgrade,CatBoost | missingness challenger no grade/subgrade,test,25.0,48938,18478,0.37758,0.448833,0.210315,1.795304
catboost,CatBoost,catboost_02_missingness_challenger_no_grade_subgrade,missingness_challenger_no_grade_subgrade,missingness challenger no grade/subgrade,CatBoost | missingness challenger no grade/subgrade,test,30.0,58725,21132,0.359847,0.513299,0.210315,1.710987
