model_family,model,split,review_pct,review_count,captured_bad,precision,recall,base_bad_rate,lift_over_base_bad_rate,model_label,dataset,dataset_label,model_dataset_label
logistic_regression,logistic_regression_07,validation,1.0,1870,1132,0.605348,0.024542,0.246763,2.453151,Logistic Regression,baseline_with_grade_subgrade,baseline with grade/subgrade,Logistic Regression | baseline with grade/subgrade
logistic_regression,logistic_regression_07,validation,2.0,3739,2174,0.581439,0.047133,0.246763,2.356261,Logistic Regression,baseline_with_grade_subgrade,baseline with grade/subgrade,Logistic Regression | baseline with grade/subgrade
logistic_regression,logistic_regression_07,validation,5.0,9346,5073,0.542799,0.109984,0.246763,2.199675,Logistic Regression,baseline_with_grade_subgrade,baseline with grade/subgrade,Logistic Regression | baseline with grade/subgrade
logistic_regression,logistic_regression_07,validation,10.0,18692,9278,0.496362,0.201149,0.246763,2.011491,Logistic Regression,baseline_with_grade_subgrade,baseline with grade/subgrade,Logistic Regression | baseline with grade/subgrade
logistic_regression,logistic_regression_07,validation,15.0,28038,13006,0.46387,0.281973,0.246763,1.879819,Logistic Regression,baseline_with_grade_subgrade,baseline with grade/subgrade,Logistic Regression | baseline with grade/subgrade
logistic_regression,logistic_regression_07,validation,20.0,37384,16488,0.441044,0.357463,0.246763,1.787317,Logistic Regression,baseline_with_grade_subgrade,baseline with grade/subgrade,Logistic Regression | baseline with grade/subgrade
logistic_regression,logistic_regression_07,validation,25.0,46730,19675,0.421036,0.426558,0.246763,1.706233,Logistic Regression,baseline_with_grade_subgrade,baseline with grade/subgrade,Logistic Regression | baseline with grade/subgrade
logistic_regression,logistic_regression_07,validation,30.0,56076,22690,0.404629,0.491924,0.246763,1.639747,Logistic Regression,baseline_with_grade_subgrade,baseline with grade/subgrade,Logistic Regression | baseline with grade/subgrade
logistic_regression,logistic_regression_07,test,1.0,1958,1018,0.519918,0.024727,0.210315,2.47209,Logistic Regression,baseline_with_grade_subgrade,baseline with grade/subgrade,Logistic Regression | baseline with grade/subgrade
logistic_regression,logistic_regression_07,test,2.0,3915,2000,0.510856,0.04858,0.210315,2.429,Logistic Regression,baseline_with_grade_subgrade,baseline with grade/subgrade,Logistic Regression | baseline with grade/subgrade
logistic_regression,logistic_regression_07,test,5.0,9788,4603,0.47027,0.111807,0.210315,2.236023,Logistic Regression,baseline_with_grade_subgrade,baseline with grade/subgrade,Logistic Regression | baseline with grade/subgrade
logistic_regression,logistic_regression_07,test,10.0,19575,8479,0.433155,0.205956,0.210315,2.059549,Logistic Regression,baseline_with_grade_subgrade,baseline with grade/subgrade,Logistic Regression | baseline with grade/subgrade
logistic_regression,logistic_regression_07,test,15.0,29363,11950,0.406975,0.290267,0.210315,1.93507,Logistic Regression,baseline_with_grade_subgrade,baseline with grade/subgrade,Logistic Regression | baseline with grade/subgrade
logistic_regression,logistic_regression_07,test,20.0,39150,15132,0.386513,0.367558,0.210315,1.837781,Logistic Regression,baseline_with_grade_subgrade,baseline with grade/subgrade,Logistic Regression | baseline with grade/subgrade
logistic_regression,logistic_regression_07,test,25.0,48938,18054,0.368916,0.438534,0.210315,1.754109,Logistic Regression,baseline_with_grade_subgrade,baseline with grade/subgrade,Logistic Regression | baseline with grade/subgrade
logistic_regression,logistic_regression_07,test,30.0,58725,20837,0.354823,0.506133,0.210315,1.687102,Logistic Regression,baseline_with_grade_subgrade,baseline with grade/subgrade,Logistic Regression | baseline with grade/subgrade
random_forest,random_forest_03,validation,1.0,1870,1169,0.625134,0.025344,0.246763,2.533333,Random Forest,baseline_with_grade_subgrade,baseline with grade/subgrade,Random Forest | baseline with grade/subgrade
random_forest,random_forest_03,validation,2.0,3739,2237,0.598288,0.048499,0.246763,2.424543,Random Forest,baseline_with_grade_subgrade,baseline with grade/subgrade,Random Forest | baseline with grade/subgrade
random_forest,random_forest_03,validation,5.0,9346,5094,0.545046,0.110439,0.246763,2.20878,Random Forest,baseline_with_grade_subgrade,baseline with grade/subgrade,Random Forest | baseline with grade/subgrade
random_forest,random_forest_03,validation,10.0,18692,9368,0.501177,0.2031,0.246763,2.031003,Random Forest,baseline_with_grade_subgrade,baseline with grade/subgrade,Random Forest | baseline with grade/subgrade
random_forest,random_forest_03,validation,15.0,28038,13025,0.464548,0.282385,0.246763,1.882565,Random Forest,baseline_with_grade_subgrade,baseline with grade/subgrade,Random Forest | baseline with grade/subgrade
random_forest,random_forest_03,validation,20.0,37384,16491,0.441125,0.357528,0.246763,1.787642,Random Forest,baseline_with_grade_subgrade,baseline with grade/subgrade,Random Forest | baseline with grade/subgrade
random_forest,random_forest_03,validation,25.0,46730,19729,0.422191,0.427729,0.246763,1.710916,Random Forest,baseline_with_grade_subgrade,baseline with grade/subgrade,Random Forest | baseline with grade/subgrade
random_forest,random_forest_03,validation,30.0,56076,22658,0.404059,0.49123,0.246763,1.637435,Random Forest,baseline_with_grade_subgrade,baseline with grade/subgrade,Random Forest | baseline with grade/subgrade
random_forest,random_forest_03,test,1.0,1958,1088,0.555669,0.026428,0.210315,2.642077,Random Forest,baseline_with_grade_subgrade,baseline with grade/subgrade,Random Forest | baseline with grade/subgrade
random_forest,random_forest_03,test,2.0,3915,2073,0.529502,0.050353,0.210315,2.517658,Random Forest,baseline_with_grade_subgrade,baseline with grade/subgrade,Random Forest | baseline with grade/subgrade
random_forest,random_forest_03,test,5.0,9788,4747,0.484982,0.115305,0.210315,2.305975,Random Forest,baseline_with_grade_subgrade,baseline with grade/subgrade,Random Forest | baseline with grade/subgrade
random_forest,random_forest_03,test,10.0,19575,8695,0.444189,0.211203,0.210315,2.112015,Random Forest,baseline_with_grade_subgrade,baseline with grade/subgrade,Random Forest | baseline with grade/subgrade
random_forest,random_forest_03,test,15.0,29363,12126,0.412969,0.294542,0.210315,1.96357,Random Forest,baseline_with_grade_subgrade,baseline with grade/subgrade,Random Forest | baseline with grade/subgrade
random_forest,random_forest_03,test,20.0,39150,15339,0.391801,0.372586,0.210315,1.862921,Random Forest,baseline_with_grade_subgrade,baseline with grade/subgrade,Random Forest | baseline with grade/subgrade
random_forest,random_forest_03,test,25.0,48938,18338,0.374719,0.445432,0.210315,1.781702,Random Forest,baseline_with_grade_subgrade,baseline with grade/subgrade,Random Forest | baseline with grade/subgrade
random_forest,random_forest_03,test,30.0,58725,21179,0.360647,0.51444,0.210315,1.714793,Random Forest,baseline_with_grade_subgrade,baseline with grade/subgrade,Random Forest | baseline with grade/subgrade
hist_gradient_boosting,hist_gradient_boosting_04,validation,1.0,1870,1208,0.645989,0.02619,0.246763,2.61785,HistGradientBoosting,baseline_with_grade_subgrade,baseline with grade/subgrade,HistGradientBoosting | baseline with grade/subgrade
hist_gradient_boosting,hist_gradient_boosting_04,validation,2.0,3739,2293,0.613266,0.049713,0.246763,2.485238,HistGradientBoosting,baseline_with_grade_subgrade,baseline with grade/subgrade,HistGradientBoosting | baseline with grade/subgrade
hist_gradient_boosting,hist_gradient_boosting_04,validation,5.0,9346,5171,0.553285,0.112108,0.246763,2.242168,HistGradientBoosting,baseline_with_grade_subgrade,baseline with grade/subgrade,HistGradientBoosting | baseline with grade/subgrade
hist_gradient_boosting,hist_gradient_boosting_04,validation,10.0,18692,9525,0.509576,0.206504,0.246763,2.065041,HistGradientBoosting,baseline_with_grade_subgrade,baseline with grade/subgrade,HistGradientBoosting | baseline with grade/subgrade
hist_gradient_boosting,hist_gradient_boosting_04,validation,15.0,28038,13311,0.474749,0.288585,0.246763,1.923902,HistGradientBoosting,baseline_with_grade_subgrade,baseline with grade/subgrade,HistGradientBoosting | baseline with grade/subgrade
hist_gradient_boosting,hist_gradient_boosting_04,validation,20.0,37384,16752,0.448106,0.363187,0.246763,1.815935,HistGradientBoosting,baseline_with_grade_subgrade,baseline with grade/subgrade,HistGradientBoosting | baseline with grade/subgrade
hist_gradient_boosting,hist_gradient_boosting_04,validation,25.0,46730,19998,0.427948,0.433561,0.246763,1.734244,HistGradientBoosting,baseline_with_grade_subgrade,baseline with grade/subgrade,HistGradientBoosting | baseline with grade/subgrade
hist_gradient_boosting,hist_gradient_boosting_04,validation,30.0,56076,23030,0.410693,0.499295,0.246763,1.664318,HistGradientBoosting,baseline_with_grade_subgrade,baseline with grade/subgrade,HistGradientBoosting | baseline with grade/subgrade
hist_gradient_boosting,hist_gradient_boosting_04,test,1.0,1958,1092,0.557712,0.026525,0.210315,2.65179,HistGradientBoosting,baseline_with_grade_subgrade,baseline with grade/subgrade,HistGradientBoosting | baseline with grade/subgrade
hist_gradient_boosting,hist_gradient_boosting_04,test,2.0,3915,2103,0.537165,0.051082,0.210315,2.554093,HistGradientBoosting,baseline_with_grade_subgrade,baseline with grade/subgrade,HistGradientBoosting | baseline with grade/subgrade
hist_gradient_boosting,hist_gradient_boosting_04,test,5.0,9788,4831,0.493564,0.117346,0.210315,2.34678,HistGradientBoosting,baseline_with_grade_subgrade,baseline with grade/subgrade,HistGradientBoosting | baseline with grade/subgrade
hist_gradient_boosting,hist_gradient_boosting_04,test,10.0,19575,8835,0.451341,0.214603,0.210315,2.146021,HistGradientBoosting,baseline_with_grade_subgrade,baseline with grade/subgrade,HistGradientBoosting | baseline with grade/subgrade
hist_gradient_boosting,hist_gradient_boosting_04,test,15.0,29363,12449,0.423969,0.302388,0.210315,2.015874,HistGradientBoosting,baseline_with_grade_subgrade,baseline with grade/subgrade,HistGradientBoosting | baseline with grade/subgrade
hist_gradient_boosting,hist_gradient_boosting_04,test,20.0,39150,15638,0.399438,0.379849,0.210315,1.899235,HistGradientBoosting,baseline_with_grade_subgrade,baseline with grade/subgrade,HistGradientBoosting | baseline with grade/subgrade
hist_gradient_boosting,hist_gradient_boosting_04,test,25.0,48938,18624,0.380563,0.452379,0.210315,1.809489,HistGradientBoosting,baseline_with_grade_subgrade,baseline with grade/subgrade,HistGradientBoosting | baseline with grade/subgrade
hist_gradient_boosting,hist_gradient_boosting_04,test,30.0,58725,21393,0.364291,0.519639,0.210315,1.73212,HistGradientBoosting,baseline_with_grade_subgrade,baseline with grade/subgrade,HistGradientBoosting | baseline with grade/subgrade
lightgbm,lightgbm_06,validation,1.0,1870,1178,0.629947,0.025539,0.246763,2.552837,LightGBM,baseline_with_grade_subgrade,baseline with grade/subgrade,LightGBM | baseline with grade/subgrade
lightgbm,lightgbm_06,validation,2.0,3739,2263,0.605242,0.049062,0.246763,2.452723,LightGBM,baseline_with_grade_subgrade,baseline with grade/subgrade,LightGBM | baseline with grade/subgrade
lightgbm,lightgbm_06,validation,5.0,9346,5197,0.556067,0.112672,0.246763,2.253442,LightGBM,baseline_with_grade_subgrade,baseline with grade/subgrade,LightGBM | baseline with grade/subgrade
lightgbm,lightgbm_06,validation,10.0,18692,9603,0.513749,0.208195,0.246763,2.081951,LightGBM,baseline_with_grade_subgrade,baseline with grade/subgrade,LightGBM | baseline with grade/subgrade
lightgbm,lightgbm_06,validation,15.0,28038,13369,0.476817,0.289843,0.246763,1.932285,LightGBM,baseline_with_grade_subgrade,baseline with grade/subgrade,LightGBM | baseline with grade/subgrade
lightgbm,lightgbm_06,validation,20.0,37384,16851,0.450754,0.365333,0.246763,1.826667,LightGBM,baseline_with_grade_subgrade,baseline with grade/subgrade,LightGBM | baseline with grade/subgrade
lightgbm,lightgbm_06,validation,25.0,46730,20050,0.429061,0.434688,0.246763,1.738753,LightGBM,baseline_with_grade_subgrade,baseline with grade/subgrade,LightGBM | baseline with grade/subgrade
lightgbm,lightgbm_06,validation,30.0,56076,23163,0.413064,0.502179,0.246763,1.67393,LightGBM,baseline_with_grade_subgrade,baseline with grade/subgrade,LightGBM | baseline with grade/subgrade
lightgbm,lightgbm_06,test,1.0,1958,1096,0.559755,0.026622,0.210315,2.661504,LightGBM,baseline_with_grade_subgrade,baseline with grade/subgrade,LightGBM | baseline with grade/subgrade
lightgbm,lightgbm_06,test,2.0,3915,2108,0.538442,0.051204,0.210315,2.560166,LightGBM,baseline_with_grade_subgrade,baseline with grade/subgrade,LightGBM | baseline with grade/subgrade
lightgbm,lightgbm_06,test,5.0,9788,4879,0.498468,0.118512,0.210315,2.370097,LightGBM,baseline_with_grade_subgrade,baseline with grade/subgrade,LightGBM | baseline with grade/subgrade
lightgbm,lightgbm_06,test,10.0,19575,8914,0.455377,0.216522,0.210315,2.16521,LightGBM,baseline_with_grade_subgrade,baseline with grade/subgrade,LightGBM | baseline with grade/subgrade
lightgbm,lightgbm_06,test,15.0,29363,12512,0.426114,0.303918,0.210315,2.026075,LightGBM,baseline_with_grade_subgrade,baseline with grade/subgrade,LightGBM | baseline with grade/subgrade
lightgbm,lightgbm_06,test,20.0,39150,15769,0.402784,0.383031,0.210315,1.915145,LightGBM,baseline_with_grade_subgrade,baseline with grade/subgrade,LightGBM | baseline with grade/subgrade
lightgbm,lightgbm_06,test,25.0,48938,18716,0.382443,0.454614,0.210315,1.818428,LightGBM,baseline_with_grade_subgrade,baseline with grade/subgrade,LightGBM | baseline with grade/subgrade
lightgbm,lightgbm_06,test,30.0,58725,21490,0.365943,0.521995,0.210315,1.739973,LightGBM,baseline_with_grade_subgrade,baseline with grade/subgrade,LightGBM | baseline with grade/subgrade
xgboost,xgboost_05,validation,1.0,1870,1208,0.645989,0.02619,0.246763,2.61785,XGBoost,baseline_with_grade_subgrade,baseline with grade/subgrade,XGBoost | baseline with grade/subgrade
xgboost,xgboost_05,validation,2.0,3739,2297,0.614335,0.049799,0.246763,2.489573,XGBoost,baseline_with_grade_subgrade,baseline with grade/subgrade,XGBoost | baseline with grade/subgrade
xgboost,xgboost_05,validation,5.0,9346,5221,0.558635,0.113192,0.246763,2.263848,XGBoost,baseline_with_grade_subgrade,baseline with grade/subgrade,XGBoost | baseline with grade/subgrade
xgboost,xgboost_05,validation,10.0,18692,9587,0.512893,0.207848,0.246763,2.078482,XGBoost,baseline_with_grade_subgrade,baseline with grade/subgrade,XGBoost | baseline with grade/subgrade
xgboost,xgboost_05,validation,15.0,28038,13331,0.475462,0.289019,0.246763,1.926793,XGBoost,baseline_with_grade_subgrade,baseline with grade/subgrade,XGBoost | baseline with grade/subgrade
xgboost,xgboost_05,validation,20.0,37384,16835,0.450326,0.364986,0.246763,1.824932,XGBoost,baseline_with_grade_subgrade,baseline with grade/subgrade,XGBoost | baseline with grade/subgrade
xgboost,xgboost_05,validation,25.0,46730,20043,0.428911,0.434537,0.246763,1.738146,XGBoost,baseline_with_grade_subgrade,baseline with grade/subgrade,XGBoost | baseline with grade/subgrade
xgboost,xgboost_05,validation,30.0,56076,23057,0.411174,0.499881,0.246763,1.666269,XGBoost,baseline_with_grade_subgrade,baseline with grade/subgrade,XGBoost | baseline with grade/subgrade
xgboost,xgboost_05,test,1.0,1958,1125,0.574566,0.027326,0.210315,2.731927,XGBoost,baseline_with_grade_subgrade,baseline with grade/subgrade,XGBoost | baseline with grade/subgrade
xgboost,xgboost_05,test,2.0,3915,2123,0.542273,0.051568,0.210315,2.578383,XGBoost,baseline_with_grade_subgrade,baseline with grade/subgrade,XGBoost | baseline with grade/subgrade
xgboost,xgboost_05,test,5.0,9788,4898,0.500409,0.118973,0.210315,2.379327,XGBoost,baseline_with_grade_subgrade,baseline with grade/subgrade,XGBoost | baseline with grade/subgrade
xgboost,xgboost_05,test,10.0,19575,8888,0.454049,0.215891,0.210315,2.158895,XGBoost,baseline_with_grade_subgrade,baseline with grade/subgrade,XGBoost | baseline with grade/subgrade
xgboost,xgboost_05,test,15.0,29363,12437,0.42356,0.302096,0.210315,2.01393,XGBoost,baseline_with_grade_subgrade,baseline with grade/subgrade,XGBoost | baseline with grade/subgrade
xgboost,xgboost_05,test,20.0,39150,15702,0.401073,0.381403,0.210315,1.907008,XGBoost,baseline_with_grade_subgrade,baseline with grade/subgrade,XGBoost | baseline with grade/subgrade
xgboost,xgboost_05,test,25.0,48938,18655,0.381197,0.453132,0.210315,1.812501,XGBoost,baseline_with_grade_subgrade,baseline with grade/subgrade,XGBoost | baseline with grade/subgrade
xgboost,xgboost_05,test,30.0,58725,21445,0.365177,0.520902,0.210315,1.73633,XGBoost,baseline_with_grade_subgrade,baseline with grade/subgrade,XGBoost | baseline with grade/subgrade
catboost,catboost_04,validation,1.0,1870,1197,0.640107,0.025951,0.246763,2.594012,CatBoost,baseline_with_grade_subgrade,baseline with grade/subgrade,CatBoost | baseline with grade/subgrade
catboost,catboost_04,validation,2.0,3739,2273,0.607917,0.049279,0.246763,2.463561,CatBoost,baseline_with_grade_subgrade,baseline with grade/subgrade,CatBoost | baseline with grade/subgrade
catboost,catboost_04,validation,5.0,9346,5175,0.553713,0.112195,0.246763,2.243902,CatBoost,baseline_with_grade_subgrade,baseline with grade/subgrade,CatBoost | baseline with grade/subgrade
catboost,catboost_04,validation,10.0,18692,9446,0.50535,0.204791,0.246763,2.047913,CatBoost,baseline_with_grade_subgrade,baseline with grade/subgrade,CatBoost | baseline with grade/subgrade
catboost,catboost_04,validation,15.0,28038,13226,0.471717,0.286743,0.246763,1.911617,CatBoost,baseline_with_grade_subgrade,baseline with grade/subgrade,CatBoost | baseline with grade/subgrade
catboost,catboost_04,validation,20.0,37384,16716,0.447143,0.362407,0.246763,1.812033,CatBoost,baseline_with_grade_subgrade,baseline with grade/subgrade,CatBoost | baseline with grade/subgrade
catboost,catboost_04,validation,25.0,46730,19908,0.426022,0.43161,0.246763,1.726439,CatBoost,baseline_with_grade_subgrade,baseline with grade/subgrade,CatBoost | baseline with grade/subgrade
catboost,catboost_04,validation,30.0,56076,22912,0.408588,0.496737,0.246763,1.65579,CatBoost,baseline_with_grade_subgrade,baseline with grade/subgrade,CatBoost | baseline with grade/subgrade
catboost,catboost_04,test,1.0,1958,1117,0.57048,0.027132,0.210315,2.7125,CatBoost,baseline_with_grade_subgrade,baseline with grade/subgrade,CatBoost | baseline with grade/subgrade
catboost,catboost_04,test,2.0,3915,2117,0.540741,0.051422,0.210315,2.571096,CatBoost,baseline_with_grade_subgrade,baseline with grade/subgrade,CatBoost | baseline with grade/subgrade
catboost,catboost_04,test,5.0,9788,4802,0.490601,0.116641,0.210315,2.332692,CatBoost,baseline_with_grade_subgrade,baseline with grade/subgrade,CatBoost | baseline with grade/subgrade
catboost,catboost_04,test,10.0,19575,8755,0.447254,0.21266,0.210315,2.126589,CatBoost,baseline_with_grade_subgrade,baseline with grade/subgrade,CatBoost | baseline with grade/subgrade
catboost,catboost_04,test,15.0,29363,12253,0.417294,0.297627,0.210315,1.984135,CatBoost,baseline_with_grade_subgrade,baseline with grade/subgrade,CatBoost | baseline with grade/subgrade
catboost,catboost_04,test,20.0,39150,15507,0.396092,0.376667,0.210315,1.883325,CatBoost,baseline_with_grade_subgrade,baseline with grade/subgrade,CatBoost | baseline with grade/subgrade
catboost,catboost_04,test,25.0,48938,18457,0.377151,0.448323,0.210315,1.793264,CatBoost,baseline_with_grade_subgrade,baseline with grade/subgrade,CatBoost | baseline with grade/subgrade
catboost,catboost_04,test,30.0,58725,21224,0.361413,0.515534,0.210315,1.718436,CatBoost,baseline_with_grade_subgrade,baseline with grade/subgrade,CatBoost | baseline with grade/subgrade
logistic_regression,logistic_regression_04_missingness_challenger,validation,1.0,1870,1126,0.602139,0.024412,0.246763,2.440148,Logistic Regression,missingness_challenger,missingness challenger,Logistic Regression | missingness challenger
logistic_regression,logistic_regression_04_missingness_challenger,validation,2.0,3739,2180,0.583044,0.047263,0.246763,2.362764,Logistic Regression,missingness_challenger,missingness challenger,Logistic Regression | missingness challenger
logistic_regression,logistic_regression_04_missingness_challenger,validation,5.0,9346,5063,0.541729,0.109767,0.246763,2.195339,Logistic Regression,missingness_challenger,missingness challenger,Logistic Regression | missingness challenger
logistic_regression,logistic_regression_04_missingness_challenger,validation,10.0,18692,9265,0.495667,0.200867,0.246763,2.008672,Logistic Regression,missingness_challenger,missingness challenger,Logistic Regression | missingness challenger
logistic_regression,logistic_regression_04_missingness_challenger,validation,15.0,28038,12998,0.463585,0.281799,0.246763,1.878663,Logistic Regression,missingness_challenger,missingness challenger,Logistic Regression | missingness challenger
logistic_regression,logistic_regression_04_missingness_challenger,validation,20.0,37384,16495,0.441232,0.357615,0.246763,1.788076,Logistic Regression,missingness_challenger,missingness challenger,Logistic Regression | missingness challenger
logistic_regression,logistic_regression_04_missingness_challenger,validation,25.0,46730,19661,0.420736,0.426255,0.246763,1.705019,Logistic Regression,missingness_challenger,missingness challenger,Logistic Regression | missingness challenger
logistic_regression,logistic_regression_04_missingness_challenger,validation,30.0,56076,22694,0.404701,0.492011,0.246763,1.640036,Logistic Regression,missingness_challenger,missingness challenger,Logistic Regression | missingness challenger
logistic_regression,logistic_regression_04_missingness_challenger,test,1.0,1958,1014,0.517875,0.02463,0.210315,2.462377,Logistic Regression,missingness_challenger,missingness challenger,Logistic Regression | missingness challenger
logistic_regression,logistic_regression_04_missingness_challenger,test,2.0,3915,2003,0.511622,0.048653,0.210315,2.432643,Logistic Regression,missingness_challenger,missingness challenger,Logistic Regression | missingness challenger
logistic_regression,logistic_regression_04_missingness_challenger,test,5.0,9788,4602,0.470168,0.111783,0.210315,2.235537,Logistic Regression,missingness_challenger,missingness challenger,Logistic Regression | missingness challenger
logistic_regression,logistic_regression_04_missingness_challenger,test,10.0,19575,8483,0.433359,0.206053,0.210315,2.06052,Logistic Regression,missingness_challenger,missingness challenger,Logistic Regression | missingness challenger
logistic_regression,logistic_regression_04_missingness_challenger,test,15.0,29363,11950,0.406975,0.290267,0.210315,1.93507,Logistic Regression,missingness_challenger,missingness challenger,Logistic Regression | missingness challenger
logistic_regression,logistic_regression_04_missingness_challenger,test,20.0,39150,15144,0.38682,0.36785,0.210315,1.839239,Logistic Regression,missingness_challenger,missingness challenger,Logistic Regression | missingness challenger
logistic_regression,logistic_regression_04_missingness_challenger,test,25.0,48938,18055,0.368936,0.438558,0.210315,1.754206,Logistic Regression,missingness_challenger,missingness challenger,Logistic Regression | missingness challenger
logistic_regression,logistic_regression_04_missingness_challenger,test,30.0,58725,20826,0.354636,0.505866,0.210315,1.686212,Logistic Regression,missingness_challenger,missingness challenger,Logistic Regression | missingness challenger
random_forest,random_forest_03_missingness_challenger,validation,1.0,1870,1180,0.631016,0.025583,0.246763,2.557171,Random Forest,missingness_challenger,missingness challenger,Random Forest | missingness challenger
random_forest,random_forest_03_missingness_challenger,validation,2.0,3739,2222,0.594277,0.048173,0.246763,2.408286,Random Forest,missingness_challenger,missingness challenger,Random Forest | missingness challenger
random_forest,random_forest_03_missingness_challenger,validation,5.0,9346,5066,0.54205,0.109832,0.246763,2.19664,Random Forest,missingness_challenger,missingness challenger,Random Forest | missingness challenger
random_forest,random_forest_03_missingness_challenger,validation,10.0,18692,9368,0.501177,0.2031,0.246763,2.031003,Random Forest,missingness_challenger,missingness challenger,Random Forest | missingness challenger
random_forest,random_forest_03_missingness_challenger,validation,15.0,28038,13074,0.466296,0.283447,0.246763,1.889648,Random Forest,missingness_challenger,missingness challenger,Random Forest | missingness challenger
random_forest,random_forest_03_missingness_challenger,validation,20.0,37384,16481,0.440857,0.357312,0.246763,1.786558,Random Forest,missingness_challenger,missingness challenger,Random Forest | missingness challenger
random_forest,random_forest_03_missingness_challenger,validation,25.0,46730,19724,0.422084,0.427621,0.246763,1.710482,Random Forest,missingness_challenger,missingness challenger,Random Forest | missingness challenger
random_forest,random_forest_03_missingness_challenger,validation,30.0,56076,22694,0.404701,0.492011,0.246763,1.640036,Random Forest,missingness_challenger,missingness challenger,Random Forest | missingness challenger
random_forest,random_forest_03_missingness_challenger,test,1.0,1958,1080,0.551583,0.026233,0.210315,2.62265,Random Forest,missingness_challenger,missingness challenger,Random Forest | missingness challenger
random_forest,random_forest_03_missingness_challenger,test,2.0,3915,2042,0.521584,0.0496,0.210315,2.480009,Random Forest,missingness_challenger,missingness challenger,Random Forest | missingness challenger
random_forest,random_forest_03_missingness_challenger,test,5.0,9788,4779,0.488251,0.116082,0.210315,2.321519,Random Forest,missingness_challenger,missingness challenger,Random Forest | missingness challenger
random_forest,random_forest_03_missingness_challenger,test,10.0,19575,8683,0.443576,0.210911,0.210315,2.1091,Random Forest,missingness_challenger,missingness challenger,Random Forest | missingness challenger
random_forest,random_forest_03_missingness_challenger,test,15.0,29363,12156,0.41399,0.295271,0.210315,1.968428,Random Forest,missingness_challenger,missingness challenger,Random Forest | missingness challenger
random_forest,random_forest_03_missingness_challenger,test,20.0,39150,15359,0.392312,0.373072,0.210315,1.86535,Random Forest,missingness_challenger,missingness challenger,Random Forest | missingness challenger
random_forest,random_forest_03_missingness_challenger,test,25.0,48938,18365,0.375271,0.446088,0.210315,1.784325,Random Forest,missingness_challenger,missingness challenger,Random Forest | missingness challenger
random_forest,random_forest_03_missingness_challenger,test,30.0,58725,21190,0.360834,0.514708,0.210315,1.715683,Random Forest,missingness_challenger,missingness challenger,Random Forest | missingness challenger
hist_gradient_boosting,hist_gradient_boosting_06_missingness_challenger,validation,1.0,1870,1197,0.640107,0.025951,0.246763,2.594012,HistGradientBoosting,missingness_challenger,missingness challenger,HistGradientBoosting | missingness challenger
hist_gradient_boosting,hist_gradient_boosting_06_missingness_challenger,validation,2.0,3739,2301,0.615405,0.049886,0.246763,2.493909,HistGradientBoosting,missingness_challenger,missingness challenger,HistGradientBoosting | missingness challenger
hist_gradient_boosting,hist_gradient_boosting_06_missingness_challenger,validation,5.0,9346,5172,0.553392,0.11213,0.246763,2.242602,HistGradientBoosting,missingness_challenger,missingness challenger,HistGradientBoosting | missingness challenger
hist_gradient_boosting,hist_gradient_boosting_06_missingness_challenger,validation,10.0,18692,9608,0.514017,0.208304,0.246763,2.083035,HistGradientBoosting,missingness_challenger,missingness challenger,HistGradientBoosting | missingness challenger
hist_gradient_boosting,hist_gradient_boosting_06_missingness_challenger,validation,15.0,28038,13313,0.47482,0.288629,0.246763,1.924192,HistGradientBoosting,missingness_challenger,missingness challenger,HistGradientBoosting | missingness challenger
hist_gradient_boosting,hist_gradient_boosting_06_missingness_challenger,validation,20.0,37384,16772,0.448641,0.363621,0.246763,1.818103,HistGradientBoosting,missingness_challenger,missingness challenger,HistGradientBoosting | missingness challenger
hist_gradient_boosting,hist_gradient_boosting_06_missingness_challenger,validation,25.0,46730,20011,0.428226,0.433843,0.246763,1.735371,HistGradientBoosting,missingness_challenger,missingness challenger,HistGradientBoosting | missingness challenger
hist_gradient_boosting,hist_gradient_boosting_06_missingness_challenger,validation,30.0,56076,23000,0.410158,0.498645,0.246763,1.66215,HistGradientBoosting,missingness_challenger,missingness challenger,HistGradientBoosting | missingness challenger
hist_gradient_boosting,hist_gradient_boosting_06_missingness_challenger,test,1.0,1958,1111,0.567416,0.026986,0.210315,2.69793,HistGradientBoosting,missingness_challenger,missingness challenger,HistGradientBoosting | missingness challenger
hist_gradient_boosting,hist_gradient_boosting_06_missingness_challenger,test,2.0,3915,2093,0.53461,0.050839,0.210315,2.541948,HistGradientBoosting,missingness_challenger,missingness challenger,HistGradientBoosting | missingness challenger
hist_gradient_boosting,hist_gradient_boosting_06_missingness_challenger,test,5.0,9788,4821,0.492542,0.117103,0.210315,2.341922,HistGradientBoosting,missingness_challenger,missingness challenger,HistGradientBoosting | missingness challenger
hist_gradient_boosting,hist_gradient_boosting_06_missingness_challenger,test,10.0,19575,8863,0.452771,0.215283,0.210315,2.152822,HistGradientBoosting,missingness_challenger,missingness challenger,HistGradientBoosting | missingness challenger
hist_gradient_boosting,hist_gradient_boosting_06_missingness_challenger,test,15.0,29363,12428,0.423254,0.301878,0.210315,2.012473,HistGradientBoosting,missingness_challenger,missingness challenger,HistGradientBoosting | missingness challenger
hist_gradient_boosting,hist_gradient_boosting_06_missingness_challenger,test,20.0,39150,15662,0.400051,0.380432,0.210315,1.90215,HistGradientBoosting,missingness_challenger,missingness challenger,HistGradientBoosting | missingness challenger
hist_gradient_boosting,hist_gradient_boosting_06_missingness_challenger,test,25.0,48938,18696,0.382034,0.454128,0.210315,1.816485,HistGradientBoosting,missingness_challenger,missingness challenger,HistGradientBoosting | missingness challenger
hist_gradient_boosting,hist_gradient_boosting_06_missingness_challenger,test,30.0,58725,21376,0.364002,0.519226,0.210315,1.730743,HistGradientBoosting,missingness_challenger,missingness challenger,HistGradientBoosting | missingness challenger
lightgbm,lightgbm_03_missingness_challenger,validation,1.0,1870,1164,0.62246,0.025236,0.246763,2.522498,LightGBM,missingness_challenger,missingness challenger,LightGBM | missingness challenger
lightgbm,lightgbm_03_missingness_challenger,validation,2.0,3739,2261,0.604707,0.049019,0.246763,2.450555,LightGBM,missingness_challenger,missingness challenger,LightGBM | missingness challenger
lightgbm,lightgbm_03_missingness_challenger,validation,5.0,9346,5203,0.556709,0.112802,0.246763,2.256043,LightGBM,missingness_challenger,missingness challenger,LightGBM | missingness challenger
lightgbm,lightgbm_03_missingness_challenger,validation,10.0,18692,9614,0.514338,0.208434,0.246763,2.084336,LightGBM,missingness_challenger,missingness challenger,LightGBM | missingness challenger
lightgbm,lightgbm_03_missingness_challenger,validation,15.0,28038,13356,0.476354,0.289561,0.246763,1.930407,LightGBM,missingness_challenger,missingness challenger,LightGBM | missingness challenger
lightgbm,lightgbm_03_missingness_challenger,validation,20.0,37384,16870,0.451263,0.365745,0.246763,1.828726,LightGBM,missingness_challenger,missingness challenger,LightGBM | missingness challenger
lightgbm,lightgbm_03_missingness_challenger,validation,25.0,46730,20090,0.429917,0.435556,0.246763,1.742222,LightGBM,missingness_challenger,missingness challenger,LightGBM | missingness challenger
lightgbm,lightgbm_03_missingness_challenger,validation,30.0,56076,23164,0.413082,0.502201,0.246763,1.674002,LightGBM,missingness_challenger,missingness challenger,LightGBM | missingness challenger
lightgbm,lightgbm_03_missingness_challenger,test,1.0,1958,1096,0.559755,0.026622,0.210315,2.661504,LightGBM,missingness_challenger,missingness challenger,LightGBM | missingness challenger
lightgbm,lightgbm_03_missingness_challenger,test,2.0,3915,2101,0.536654,0.051034,0.210315,2.551664,LightGBM,missingness_challenger,missingness challenger,LightGBM | missingness challenger
lightgbm,lightgbm_03_missingness_challenger,test,5.0,9788,4868,0.497344,0.118244,0.210315,2.364753,LightGBM,missingness_challenger,missingness challenger,LightGBM | missingness challenger
lightgbm,lightgbm_03_missingness_challenger,test,10.0,19575,8874,0.453333,0.215551,0.210315,2.155494,LightGBM,missingness_challenger,missingness challenger,LightGBM | missingness challenger
lightgbm,lightgbm_03_missingness_challenger,test,15.0,29363,12516,0.426251,0.304015,0.210315,2.026723,LightGBM,missingness_challenger,missingness challenger,LightGBM | missingness challenger
lightgbm,lightgbm_03_missingness_challenger,test,20.0,39150,15750,0.402299,0.382569,0.210315,1.912837,LightGBM,missingness_challenger,missingness challenger,LightGBM | missingness challenger
lightgbm,lightgbm_03_missingness_challenger,test,25.0,48938,18744,0.383015,0.455294,0.210315,1.821148,LightGBM,missingness_challenger,missingness challenger,LightGBM | missingness challenger
lightgbm,lightgbm_03_missingness_challenger,test,30.0,58725,21520,0.366454,0.522723,0.210315,1.742402,LightGBM,missingness_challenger,missingness challenger,LightGBM | missingness challenger
xgboost,xgboost_05_missingness_challenger,validation,1.0,1870,1197,0.640107,0.025951,0.246763,2.594012,XGBoost,missingness_challenger,missingness challenger,XGBoost | missingness challenger
xgboost,xgboost_05_missingness_challenger,validation,2.0,3739,2285,0.611126,0.049539,0.246763,2.476567,XGBoost,missingness_challenger,missingness challenger,XGBoost | missingness challenger
xgboost,xgboost_05_missingness_challenger,validation,5.0,9346,5247,0.561417,0.113756,0.246763,2.275122,XGBoost,missingness_challenger,missingness challenger,XGBoost | missingness challenger
xgboost,xgboost_05_missingness_challenger,validation,10.0,18692,9613,0.514284,0.208412,0.246763,2.084119,XGBoost,missingness_challenger,missingness challenger,XGBoost | missingness challenger
xgboost,xgboost_05_missingness_challenger,validation,15.0,28038,13356,0.476354,0.289561,0.246763,1.930407,XGBoost,missingness_challenger,missingness challenger,XGBoost | missingness challenger
xgboost,xgboost_05_missingness_challenger,validation,20.0,37384,16821,0.449952,0.364683,0.246763,1.823415,XGBoost,missingness_challenger,missingness challenger,XGBoost | missingness challenger
xgboost,xgboost_05_missingness_challenger,validation,25.0,46730,20149,0.431179,0.436835,0.246763,1.747339,XGBoost,missingness_challenger,missingness challenger,XGBoost | missingness challenger
xgboost,xgboost_05_missingness_challenger,validation,30.0,56076,23121,0.412315,0.501268,0.246763,1.670894,XGBoost,missingness_challenger,missingness challenger,XGBoost | missingness challenger
xgboost,xgboost_05_missingness_challenger,test,1.0,1958,1119,0.571502,0.027181,0.210315,2.717357,XGBoost,missingness_challenger,missingness challenger,XGBoost | missingness challenger
xgboost,xgboost_05_missingness_challenger,test,2.0,3915,2141,0.546871,0.052005,0.210315,2.600244,XGBoost,missingness_challenger,missingness challenger,XGBoost | missingness challenger
xgboost,xgboost_05_missingness_challenger,test,5.0,9788,4880,0.49857,0.118536,0.210315,2.370583,XGBoost,missingness_challenger,missingness challenger,XGBoost | missingness challenger
xgboost,xgboost_05_missingness_challenger,test,10.0,19575,8925,0.455939,0.216789,0.210315,2.167882,XGBoost,missingness_challenger,missingness challenger,XGBoost | missingness challenger
xgboost,xgboost_05_missingness_challenger,test,15.0,29363,12470,0.424684,0.302898,0.210315,2.019274,XGBoost,missingness_challenger,missingness challenger,XGBoost | missingness challenger
xgboost,xgboost_05_missingness_challenger,test,20.0,39150,15704,0.401124,0.381452,0.210315,1.907251,XGBoost,missingness_challenger,missingness challenger,XGBoost | missingness challenger
xgboost,xgboost_05_missingness_challenger,test,25.0,48938,18720,0.382525,0.454711,0.210315,1.818816,XGBoost,missingness_challenger,missingness challenger,XGBoost | missingness challenger
xgboost,xgboost_05_missingness_challenger,test,30.0,58725,21478,0.365739,0.521703,0.210315,1.739002,XGBoost,missingness_challenger,missingness challenger,XGBoost | missingness challenger
catboost,catboost_04_missingness_challenger,validation,1.0,1870,1196,0.639572,0.02593,0.246763,2.591845,CatBoost,missingness_challenger,missingness challenger,CatBoost | missingness challenger
catboost,catboost_04_missingness_challenger,validation,2.0,3739,2253,0.602568,0.048846,0.246763,2.441885,CatBoost,missingness_challenger,missingness challenger,CatBoost | missingness challenger
catboost,catboost_04_missingness_challenger,validation,5.0,9346,5144,0.550396,0.111523,0.246763,2.230461,CatBoost,missingness_challenger,missingness challenger,CatBoost | missingness challenger
catboost,catboost_04_missingness_challenger,validation,10.0,18692,9475,0.506901,0.20542,0.246763,2.054201,CatBoost,missingness_challenger,missingness challenger,CatBoost | missingness challenger
catboost,catboost_04_missingness_challenger,validation,15.0,28038,13222,0.471574,0.286656,0.246763,1.911039,CatBoost,missingness_challenger,missingness challenger,CatBoost | missingness challenger
catboost,catboost_04_missingness_challenger,validation,20.0,37384,16714,0.44709,0.362363,0.246763,1.811816,CatBoost,missingness_challenger,missingness challenger,CatBoost | missingness challenger
catboost,catboost_04_missingness_challenger,validation,25.0,46730,19926,0.426407,0.432,0.246763,1.728,CatBoost,missingness_challenger,missingness challenger,CatBoost | missingness challenger
catboost,catboost_04_missingness_challenger,validation,30.0,56076,22894,0.408267,0.496347,0.246763,1.65449,CatBoost,missingness_challenger,missingness challenger,CatBoost | missingness challenger
catboost,catboost_04_missingness_challenger,test,1.0,1958,1097,0.560266,0.026646,0.210315,2.663932,CatBoost,missingness_challenger,missingness challenger,CatBoost | missingness challenger
catboost,catboost_04_missingness_challenger,test,2.0,3915,2115,0.54023,0.051374,0.210315,2.568667,CatBoost,missingness_challenger,missingness challenger,CatBoost | missingness challenger
catboost,catboost_04_missingness_challenger,test,5.0,9788,4789,0.489273,0.116325,0.210315,2.326377,CatBoost,missingness_challenger,missingness challenger,CatBoost | missingness challenger
catboost,catboost_04_missingness_challenger,test,10.0,19575,8720,0.445466,0.21181,0.210315,2.118088,CatBoost,missingness_challenger,missingness challenger,CatBoost | missingness challenger
catboost,catboost_04_missingness_challenger,test,15.0,29363,12280,0.418213,0.298283,0.210315,1.988507,CatBoost,missingness_challenger,missingness challenger,CatBoost | missingness challenger
catboost,catboost_04_missingness_challenger,test,20.0,39150,15478,0.395351,0.375962,0.210315,1.879803,CatBoost,missingness_challenger,missingness challenger,CatBoost | missingness challenger
catboost,catboost_04_missingness_challenger,test,25.0,48938,18461,0.377232,0.44842,0.210315,1.793652,CatBoost,missingness_challenger,missingness challenger,CatBoost | missingness challenger
catboost,catboost_04_missingness_challenger,test,30.0,58725,21175,0.360579,0.514343,0.210315,1.714469,CatBoost,missingness_challenger,missingness challenger,CatBoost | missingness challenger
logistic_regression,logistic_regression_08_missingness_challenger_no_grade_subgrade,validation,1.0,1870,1124,0.60107,0.024369,0.246763,2.435814,Logistic Regression,missingness_challenger_no_grade_subgrade,missingness challenger no grade/subgrade,Logistic Regression | missingness challenger no grade/subgrade
logistic_regression,logistic_regression_08_missingness_challenger_no_grade_subgrade,validation,2.0,3739,2188,0.585183,0.047436,0.246763,2.371435,Logistic Regression,missingness_challenger_no_grade_subgrade,missingness challenger no grade/subgrade,Logistic Regression | missingness challenger no grade/subgrade
logistic_regression,logistic_regression_08_missingness_challenger_no_grade_subgrade,validation,5.0,9346,5053,0.540659,0.10955,0.246763,2.191003,Logistic Regression,missingness_challenger_no_grade_subgrade,missingness challenger no grade/subgrade,Logistic Regression | missingness challenger no grade/subgrade
logistic_regression,logistic_regression_08_missingness_challenger_no_grade_subgrade,validation,10.0,18692,9264,0.495613,0.200846,0.246763,2.008455,Logistic Regression,missingness_challenger_no_grade_subgrade,missingness challenger no grade/subgrade,Logistic Regression | missingness challenger no grade/subgrade
logistic_regression,logistic_regression_08_missingness_challenger_no_grade_subgrade,validation,15.0,28038,13024,0.464512,0.282363,0.246763,1.882421,Logistic Regression,missingness_challenger_no_grade_subgrade,missingness challenger no grade/subgrade,Logistic Regression | missingness challenger no grade/subgrade
logistic_regression,logistic_regression_08_missingness_challenger_no_grade_subgrade,validation,20.0,37384,16481,0.440857,0.357312,0.246763,1.786558,Logistic Regression,missingness_challenger_no_grade_subgrade,missingness challenger no grade/subgrade,Logistic Regression | missingness challenger no grade/subgrade
logistic_regression,logistic_regression_08_missingness_challenger_no_grade_subgrade,validation,25.0,46730,19709,0.421763,0.427295,0.246763,1.709182,Logistic Regression,missingness_challenger_no_grade_subgrade,missingness challenger no grade/subgrade,Logistic Regression | missingness challenger no grade/subgrade
logistic_regression,logistic_regression_08_missingness_challenger_no_grade_subgrade,validation,30.0,56076,22676,0.40438,0.491621,0.246763,1.638735,Logistic Regression,missingness_challenger_no_grade_subgrade,missingness challenger no grade/subgrade,Logistic Regression | missingness challenger no grade/subgrade
logistic_regression,logistic_regression_08_missingness_challenger_no_grade_subgrade,test,1.0,1958,1021,0.52145,0.0248,0.210315,2.479375,Logistic Regression,missingness_challenger_no_grade_subgrade,missingness challenger no grade/subgrade,Logistic Regression | missingness challenger no grade/subgrade
logistic_regression,logistic_regression_08_missingness_challenger_no_grade_subgrade,test,2.0,3915,2015,0.514687,0.048945,0.210315,2.447217,Logistic Regression,missingness_challenger_no_grade_subgrade,missingness challenger no grade/subgrade,Logistic Regression | missingness challenger no grade/subgrade
logistic_regression,logistic_regression_08_missingness_challenger_no_grade_subgrade,test,5.0,9788,4598,0.469759,0.111686,0.210315,2.233594,Logistic Regression,missingness_challenger_no_grade_subgrade,missingness challenger no grade/subgrade,Logistic Regression | missingness challenger no grade/subgrade
logistic_regression,logistic_regression_08_missingness_challenger_no_grade_subgrade,test,10.0,19575,8494,0.433921,0.20632,0.210315,2.063192,Logistic Regression,missingness_challenger_no_grade_subgrade,missingness challenger no grade/subgrade,Logistic Regression | missingness challenger no grade/subgrade
logistic_regression,logistic_regression_08_missingness_challenger_no_grade_subgrade,test,15.0,29363,11961,0.407349,0.290534,0.210315,1.936851,Logistic Regression,missingness_challenger_no_grade_subgrade,missingness challenger no grade/subgrade,Logistic Regression | missingness challenger no grade/subgrade
logistic_regression,logistic_regression_08_missingness_challenger_no_grade_subgrade,test,20.0,39150,15123,0.386284,0.36734,0.210315,1.836688,Logistic Regression,missingness_challenger_no_grade_subgrade,missingness challenger no grade/subgrade,Logistic Regression | missingness challenger no grade/subgrade
logistic_regression,logistic_regression_08_missingness_challenger_no_grade_subgrade,test,25.0,48938,18069,0.369222,0.438898,0.210315,1.755566,Logistic Regression,missingness_challenger_no_grade_subgrade,missingness challenger no grade/subgrade,Logistic Regression | missingness challenger no grade/subgrade
logistic_regression,logistic_regression_08_missingness_challenger_no_grade_subgrade,test,30.0,58725,20807,0.354312,0.505405,0.210315,1.684673,Logistic Regression,missingness_challenger_no_grade_subgrade,missingness challenger no grade/subgrade,Logistic Regression | missingness challenger no grade/subgrade
random_forest,random_forest_02_missingness_challenger_no_grade_subgrade,validation,1.0,1870,1164,0.62246,0.025236,0.246763,2.522498,Random Forest,missingness_challenger_no_grade_subgrade,missingness challenger no grade/subgrade,Random Forest | missingness challenger no grade/subgrade
random_forest,random_forest_02_missingness_challenger_no_grade_subgrade,validation,2.0,3739,2259,0.604172,0.048976,0.246763,2.448388,Random Forest,missingness_challenger_no_grade_subgrade,missingness challenger no grade/subgrade,Random Forest | missingness challenger no grade/subgrade
random_forest,random_forest_02_missingness_challenger_no_grade_subgrade,validation,5.0,9346,5100,0.545688,0.110569,0.246763,2.211382,Random Forest,missingness_challenger_no_grade_subgrade,missingness challenger no grade/subgrade,Random Forest | missingness challenger no grade/subgrade
random_forest,random_forest_02_missingness_challenger_no_grade_subgrade,validation,10.0,18692,9345,0.499947,0.202602,0.246763,2.026016,Random Forest,missingness_challenger_no_grade_subgrade,missingness challenger no grade/subgrade,Random Forest | missingness challenger no grade/subgrade
random_forest,random_forest_02_missingness_challenger_no_grade_subgrade,validation,15.0,28038,13045,0.465261,0.282818,0.246763,1.885456,Random Forest,missingness_challenger_no_grade_subgrade,missingness challenger no grade/subgrade,Random Forest | missingness challenger no grade/subgrade
random_forest,random_forest_02_missingness_challenger_no_grade_subgrade,validation,20.0,37384,16542,0.442489,0.358634,0.246763,1.793171,Random Forest,missingness_challenger_no_grade_subgrade,missingness challenger no grade/subgrade,Random Forest | missingness challenger no grade/subgrade
random_forest,random_forest_02_missingness_challenger_no_grade_subgrade,validation,25.0,46730,19742,0.42247,0.428011,0.246763,1.712043,Random Forest,missingness_challenger_no_grade_subgrade,missingness challenger no grade/subgrade,Random Forest | missingness challenger no grade/subgrade
random_forest,random_forest_02_missingness_challenger_no_grade_subgrade,validation,30.0,56076,22789,0.406395,0.49407,0.246763,1.646902,Random Forest,missingness_challenger_no_grade_subgrade,missingness challenger no grade/subgrade,Random Forest | missingness challenger no grade/subgrade
random_forest,random_forest_02_missingness_challenger_no_grade_subgrade,test,1.0,1958,1073,0.548008,0.026063,0.210315,2.605651,Random Forest,missingness_challenger_no_grade_subgrade,missingness challenger no grade/subgrade,Random Forest | missingness challenger no grade/subgrade
random_forest,random_forest_02_missingness_challenger_no_grade_subgrade,test,2.0,3915,2099,0.536143,0.050985,0.210315,2.549235,Random Forest,missingness_challenger_no_grade_subgrade,missingness challenger no grade/subgrade,Random Forest | missingness challenger no grade/subgrade
random_forest,random_forest_02_missingness_challenger_no_grade_subgrade,test,5.0,9788,4725,0.482734,0.114771,0.210315,2.295287,Random Forest,missingness_challenger_no_grade_subgrade,missingness challenger no grade/subgrade,Random Forest | missingness challenger no grade/subgrade
random_forest,random_forest_02_missingness_challenger_no_grade_subgrade,test,10.0,19575,8568,0.437701,0.208118,0.210315,2.081167,Random Forest,missingness_challenger_no_grade_subgrade,missingness challenger no grade/subgrade,Random Forest | missingness challenger no grade/subgrade
random_forest,random_forest_02_missingness_challenger_no_grade_subgrade,test,15.0,29363,12051,0.410414,0.29272,0.210315,1.951425,Random Forest,missingness_challenger_no_grade_subgrade,missingness challenger no grade/subgrade,Random Forest | missingness challenger no grade/subgrade
random_forest,random_forest_02_missingness_challenger_no_grade_subgrade,test,20.0,39150,15394,0.393206,0.373922,0.210315,1.869601,Random Forest,missingness_challenger_no_grade_subgrade,missingness challenger no grade/subgrade,Random Forest | missingness challenger no grade/subgrade
random_forest,random_forest_02_missingness_challenger_no_grade_subgrade,test,25.0,48938,18375,0.375475,0.446331,0.210315,1.785297,Random Forest,missingness_challenger_no_grade_subgrade,missingness challenger no grade/subgrade,Random Forest | missingness challenger no grade/subgrade
random_forest,random_forest_02_missingness_challenger_no_grade_subgrade,test,30.0,58725,21086,0.359063,0.512181,0.210315,1.707263,Random Forest,missingness_challenger_no_grade_subgrade,missingness challenger no grade/subgrade,Random Forest | missingness challenger no grade/subgrade
hist_gradient_boosting,hist_gradient_boosting_03_missingness_challenger_no_grade_subgrade,validation,1.0,1870,1192,0.637433,0.025843,0.246763,2.583176,HistGradientBoosting,missingness_challenger_no_grade_subgrade,missingness challenger no grade/subgrade,HistGradientBoosting | missingness challenger no grade/subgrade
hist_gradient_boosting,hist_gradient_boosting_03_missingness_challenger_no_grade_subgrade,validation,2.0,3739,2289,0.612196,0.049626,0.246763,2.480903,HistGradientBoosting,missingness_challenger_no_grade_subgrade,missingness challenger no grade/subgrade,HistGradientBoosting | missingness challenger no grade/subgrade
hist_gradient_boosting,hist_gradient_boosting_03_missingness_challenger_no_grade_subgrade,validation,5.0,9346,5180,0.554248,0.112304,0.246763,2.24607,HistGradientBoosting,missingness_challenger_no_grade_subgrade,missingness challenger no grade/subgrade,HistGradientBoosting | missingness challenger no grade/subgrade
hist_gradient_boosting,hist_gradient_boosting_03_missingness_challenger_no_grade_subgrade,validation,10.0,18692,9549,0.51086,0.207024,0.246763,2.070244,HistGradientBoosting,missingness_challenger_no_grade_subgrade,missingness challenger no grade/subgrade,HistGradientBoosting | missingness challenger no grade/subgrade
hist_gradient_boosting,hist_gradient_boosting_03_missingness_challenger_no_grade_subgrade,validation,15.0,28038,13288,0.473928,0.288087,0.246763,1.920578,HistGradientBoosting,missingness_challenger_no_grade_subgrade,missingness challenger no grade/subgrade,HistGradientBoosting | missingness challenger no grade/subgrade
hist_gradient_boosting,hist_gradient_boosting_03_missingness_challenger_no_grade_subgrade,validation,20.0,37384,16696,0.446608,0.361973,0.246763,1.809864,HistGradientBoosting,missingness_challenger_no_grade_subgrade,missingness challenger no grade/subgrade,HistGradientBoosting | missingness challenger no grade/subgrade
hist_gradient_boosting,hist_gradient_boosting_03_missingness_challenger_no_grade_subgrade,validation,25.0,46730,19935,0.4266,0.432195,0.246763,1.72878,HistGradientBoosting,missingness_challenger_no_grade_subgrade,missingness challenger no grade/subgrade,HistGradientBoosting | missingness challenger no grade/subgrade
hist_gradient_boosting,hist_gradient_boosting_03_missingness_challenger_no_grade_subgrade,validation,30.0,56076,22995,0.410068,0.498537,0.246763,1.661789,HistGradientBoosting,missingness_challenger_no_grade_subgrade,missingness challenger no grade/subgrade,HistGradientBoosting | missingness challenger no grade/subgrade
hist_gradient_boosting,hist_gradient_boosting_03_missingness_challenger_no_grade_subgrade,test,1.0,1958,1095,0.559244,0.026598,0.210315,2.659075,HistGradientBoosting,missingness_challenger_no_grade_subgrade,missingness challenger no grade/subgrade,HistGradientBoosting | missingness challenger no grade/subgrade
hist_gradient_boosting,hist_gradient_boosting_03_missingness_challenger_no_grade_subgrade,test,2.0,3915,2080,0.53129,0.050523,0.210315,2.52616,HistGradientBoosting,missingness_challenger_no_grade_subgrade,missingness challenger no grade/subgrade,HistGradientBoosting | missingness challenger no grade/subgrade
hist_gradient_boosting,hist_gradient_boosting_03_missingness_challenger_no_grade_subgrade,test,5.0,9788,4811,0.49152,0.11686,0.210315,2.337064,HistGradientBoosting,missingness_challenger_no_grade_subgrade,missingness challenger no grade/subgrade,HistGradientBoosting | missingness challenger no grade/subgrade
hist_gradient_boosting,hist_gradient_boosting_03_missingness_challenger_no_grade_subgrade,test,10.0,19575,8805,0.449808,0.213875,0.210315,2.138734,HistGradientBoosting,missingness_challenger_no_grade_subgrade,missingness challenger no grade/subgrade,HistGradientBoosting | missingness challenger no grade/subgrade
hist_gradient_boosting,hist_gradient_boosting_03_missingness_challenger_no_grade_subgrade,test,15.0,29363,12369,0.421244,0.300445,0.210315,2.002919,HistGradientBoosting,missingness_challenger_no_grade_subgrade,missingness challenger no grade/subgrade,HistGradientBoosting | missingness challenger no grade/subgrade
hist_gradient_boosting,hist_gradient_boosting_03_missingness_challenger_no_grade_subgrade,test,20.0,39150,15608,0.398672,0.37912,0.210315,1.895591,HistGradientBoosting,missingness_challenger_no_grade_subgrade,missingness challenger no grade/subgrade,HistGradientBoosting | missingness challenger no grade/subgrade
hist_gradient_boosting,hist_gradient_boosting_03_missingness_challenger_no_grade_subgrade,test,25.0,48938,18589,0.379848,0.451529,0.210315,1.806089,HistGradientBoosting,missingness_challenger_no_grade_subgrade,missingness challenger no grade/subgrade,HistGradientBoosting | missingness challenger no grade/subgrade
hist_gradient_boosting,hist_gradient_boosting_03_missingness_challenger_no_grade_subgrade,test,30.0,58725,21317,0.362997,0.517793,0.210315,1.725966,HistGradientBoosting,missingness_challenger_no_grade_subgrade,missingness challenger no grade/subgrade,HistGradientBoosting | missingness challenger no grade/subgrade
lightgbm,lightgbm_06_missingness_challenger_no_grade_subgrade,validation,1.0,1870,1183,0.63262,0.025648,0.246763,2.563672,LightGBM,missingness_challenger_no_grade_subgrade,missingness challenger no grade/subgrade,LightGBM | missingness challenger no grade/subgrade
lightgbm,lightgbm_06_missingness_challenger_no_grade_subgrade,validation,2.0,3739,2270,0.607114,0.049214,0.246763,2.46031,LightGBM,missingness_challenger_no_grade_subgrade,missingness challenger no grade/subgrade,LightGBM | missingness challenger no grade/subgrade
lightgbm,lightgbm_06_missingness_challenger_no_grade_subgrade,validation,5.0,9346,5197,0.556067,0.112672,0.246763,2.253442,LightGBM,missingness_challenger_no_grade_subgrade,missingness challenger no grade/subgrade,LightGBM | missingness challenger no grade/subgrade
lightgbm,lightgbm_06_missingness_challenger_no_grade_subgrade,validation,10.0,18692,9589,0.513,0.207892,0.246763,2.078916,LightGBM,missingness_challenger_no_grade_subgrade,missingness challenger no grade/subgrade,LightGBM | missingness challenger no grade/subgrade
lightgbm,lightgbm_06_missingness_challenger_no_grade_subgrade,validation,15.0,28038,13357,0.476389,0.289583,0.246763,1.930551,LightGBM,missingness_challenger_no_grade_subgrade,missingness challenger no grade/subgrade,LightGBM | missingness challenger no grade/subgrade
lightgbm,lightgbm_06_missingness_challenger_no_grade_subgrade,validation,20.0,37384,16796,0.449283,0.364141,0.246763,1.820705,LightGBM,missingness_challenger_no_grade_subgrade,missingness challenger no grade/subgrade,LightGBM | missingness challenger no grade/subgrade
lightgbm,lightgbm_06_missingness_challenger_no_grade_subgrade,validation,25.0,46730,20078,0.42966,0.435295,0.246763,1.741182,LightGBM,missingness_challenger_no_grade_subgrade,missingness challenger no grade/subgrade,LightGBM | missingness challenger no grade/subgrade
lightgbm,lightgbm_06_missingness_challenger_no_grade_subgrade,validation,30.0,56076,23125,0.412387,0.501355,0.246763,1.671183,LightGBM,missingness_challenger_no_grade_subgrade,missingness challenger no grade/subgrade,LightGBM | missingness challenger no grade/subgrade
lightgbm,lightgbm_06_missingness_challenger_no_grade_subgrade,test,1.0,1958,1121,0.572523,0.027229,0.210315,2.722213,LightGBM,missingness_challenger_no_grade_subgrade,missingness challenger no grade/subgrade,LightGBM | missingness challenger no grade/subgrade
lightgbm,lightgbm_06_missingness_challenger_no_grade_subgrade,test,2.0,3915,2110,0.538953,0.051252,0.210315,2.562595,LightGBM,missingness_challenger_no_grade_subgrade,missingness challenger no grade/subgrade,LightGBM | missingness challenger no grade/subgrade
lightgbm,lightgbm_06_missingness_challenger_no_grade_subgrade,test,5.0,9788,4836,0.494074,0.117467,0.210315,2.349209,LightGBM,missingness_challenger_no_grade_subgrade,missingness challenger no grade/subgrade,LightGBM | missingness challenger no grade/subgrade
lightgbm,lightgbm_06_missingness_challenger_no_grade_subgrade,test,10.0,19575,8883,0.453793,0.215769,0.210315,2.15768,LightGBM,missingness_challenger_no_grade_subgrade,missingness challenger no grade/subgrade,LightGBM | missingness challenger no grade/subgrade
lightgbm,lightgbm_06_missingness_challenger_no_grade_subgrade,test,15.0,29363,12436,0.423526,0.302072,0.210315,2.013768,LightGBM,missingness_challenger_no_grade_subgrade,missingness challenger no grade/subgrade,LightGBM | missingness challenger no grade/subgrade
lightgbm,lightgbm_06_missingness_challenger_no_grade_subgrade,test,20.0,39150,15715,0.401405,0.381719,0.210315,1.908587,LightGBM,missingness_challenger_no_grade_subgrade,missingness challenger no grade/subgrade,LightGBM | missingness challenger no grade/subgrade
lightgbm,lightgbm_06_missingness_challenger_no_grade_subgrade,test,25.0,48938,18687,0.381851,0.453909,0.210315,1.81561,LightGBM,missingness_challenger_no_grade_subgrade,missingness challenger no grade/subgrade,LightGBM | missingness challenger no grade/subgrade
lightgbm,lightgbm_06_missingness_challenger_no_grade_subgrade,test,30.0,58725,21420,0.364751,0.520294,0.210315,1.734306,LightGBM,missingness_challenger_no_grade_subgrade,missingness challenger no grade/subgrade,LightGBM | missingness challenger no grade/subgrade
xgboost,xgboost_05_missingness_challenger_no_grade_subgrade,validation,1.0,1870,1216,0.650267,0.026363,0.246763,2.635187,XGBoost,missingness_challenger_no_grade_subgrade,missingness challenger no grade/subgrade,XGBoost | missingness challenger no grade/subgrade
xgboost,xgboost_05_missingness_challenger_no_grade_subgrade,validation,2.0,3739,2280,0.609789,0.049431,0.246763,2.471148,XGBoost,missingness_challenger_no_grade_subgrade,missingness challenger no grade/subgrade,XGBoost | missingness challenger no grade/subgrade
xgboost,xgboost_05_missingness_challenger_no_grade_subgrade,validation,5.0,9346,5205,0.556923,0.112846,0.246763,2.256911,XGBoost,missingness_challenger_no_grade_subgrade,missingness challenger no grade/subgrade,XGBoost | missingness challenger no grade/subgrade
xgboost,xgboost_05_missingness_challenger_no_grade_subgrade,validation,10.0,18692,9614,0.514338,0.208434,0.246763,2.084336,XGBoost,missingness_challenger_no_grade_subgrade,missingness challenger no grade/subgrade,XGBoost | missingness challenger no grade/subgrade
xgboost,xgboost_05_missingness_challenger_no_grade_subgrade,validation,15.0,28038,13353,0.476247,0.289496,0.246763,1.929973,XGBoost,missingness_challenger_no_grade_subgrade,missingness challenger no grade/subgrade,XGBoost | missingness challenger no grade/subgrade
xgboost,xgboost_05_missingness_challenger_no_grade_subgrade,validation,20.0,37384,16804,0.449497,0.364314,0.246763,1.821572,XGBoost,missingness_challenger_no_grade_subgrade,missingness challenger no grade/subgrade,XGBoost | missingness challenger no grade/subgrade
xgboost,xgboost_05_missingness_challenger_no_grade_subgrade,validation,25.0,46730,20055,0.429168,0.434797,0.246763,1.739187,XGBoost,missingness_challenger_no_grade_subgrade,missingness challenger no grade/subgrade,XGBoost | missingness challenger no grade/subgrade
xgboost,xgboost_05_missingness_challenger_no_grade_subgrade,validation,30.0,56076,23070,0.411406,0.500163,0.246763,1.667209,XGBoost,missingness_challenger_no_grade_subgrade,missingness challenger no grade/subgrade,XGBoost | missingness challenger no grade/subgrade
xgboost,xgboost_05_missingness_challenger_no_grade_subgrade,test,1.0,1958,1118,0.570991,0.027156,0.210315,2.714928,XGBoost,missingness_challenger_no_grade_subgrade,missingness challenger no grade/subgrade,XGBoost | missingness challenger no grade/subgrade
xgboost,xgboost_05_missingness_challenger_no_grade_subgrade,test,2.0,3915,2130,0.544061,0.051738,0.210315,2.586885,XGBoost,missingness_challenger_no_grade_subgrade,missingness challenger no grade/subgrade,XGBoost | missingness challenger no grade/subgrade
xgboost,xgboost_05_missingness_challenger_no_grade_subgrade,test,5.0,9788,4864,0.496935,0.118147,0.210315,2.36281,XGBoost,missingness_challenger_no_grade_subgrade,missingness challenger no grade/subgrade,XGBoost | missingness challenger no grade/subgrade
xgboost,xgboost_05_missingness_challenger_no_grade_subgrade,test,10.0,19575,8903,0.454815,0.216255,0.210315,2.162538,XGBoost,missingness_challenger_no_grade_subgrade,missingness challenger no grade/subgrade,XGBoost | missingness challenger no grade/subgrade
xgboost,xgboost_05_missingness_challenger_no_grade_subgrade,test,15.0,29363,12462,0.424412,0.302703,0.210315,2.017979,XGBoost,missingness_challenger_no_grade_subgrade,missingness challenger no grade/subgrade,XGBoost | missingness challenger no grade/subgrade
xgboost,xgboost_05_missingness_challenger_no_grade_subgrade,test,20.0,39150,15744,0.402146,0.382424,0.210315,1.912109,XGBoost,missingness_challenger_no_grade_subgrade,missingness challenger no grade/subgrade,XGBoost | missingness challenger no grade/subgrade
xgboost,xgboost_05_missingness_challenger_no_grade_subgrade,test,25.0,48938,18686,0.38183,0.453885,0.210315,1.815513,XGBoost,missingness_challenger_no_grade_subgrade,missingness challenger no grade/subgrade,XGBoost | missingness challenger no grade/subgrade
xgboost,xgboost_05_missingness_challenger_no_grade_subgrade,test,30.0,58725,21429,0.364904,0.520513,0.210315,1.735034,XGBoost,missingness_challenger_no_grade_subgrade,missingness challenger no grade/subgrade,XGBoost | missingness challenger no grade/subgrade
catboost,catboost_02_missingness_challenger_no_grade_subgrade,validation,1.0,1870,1207,0.645455,0.026168,0.246763,2.615683,CatBoost,missingness_challenger_no_grade_subgrade,missingness challenger no grade/subgrade,CatBoost | missingness challenger no grade/subgrade
catboost,catboost_02_missingness_challenger_no_grade_subgrade,validation,2.0,3739,2241,0.599358,0.048585,0.246763,2.428878,CatBoost,missingness_challenger_no_grade_subgrade,missingness challenger no grade/subgrade,CatBoost | missingness challenger no grade/subgrade
catboost,catboost_02_missingness_challenger_no_grade_subgrade,validation,5.0,9346,5107,0.546437,0.110721,0.246763,2.214417,CatBoost,missingness_challenger_no_grade_subgrade,missingness challenger no grade/subgrade,CatBoost | missingness challenger no grade/subgrade
catboost,catboost_02_missingness_challenger_no_grade_subgrade,validation,10.0,18692,9397,0.502728,0.203729,0.246763,2.03729,CatBoost,missingness_challenger_no_grade_subgrade,missingness challenger no grade/subgrade,CatBoost | missingness challenger no grade/subgrade
catboost,catboost_02_missingness_challenger_no_grade_subgrade,validation,15.0,28038,13162,0.469434,0.285355,0.246763,1.902367,CatBoost,missingness_challenger_no_grade_subgrade,missingness challenger no grade/subgrade,CatBoost | missingness challenger no grade/subgrade
catboost,catboost_02_missingness_challenger_no_grade_subgrade,validation,20.0,37384,16652,0.445431,0.361019,0.246763,1.805095,CatBoost,missingness_challenger_no_grade_subgrade,missingness challenger no grade/subgrade,CatBoost | missingness challenger no grade/subgrade
catboost,catboost_02_missingness_challenger_no_grade_subgrade,validation,25.0,46730,19875,0.425316,0.430894,0.246763,1.723577,CatBoost,missingness_challenger_no_grade_subgrade,missingness challenger no grade/subgrade,CatBoost | missingness challenger no grade/subgrade
catboost,catboost_02_missingness_challenger_no_grade_subgrade,validation,30.0,56076,22865,0.40775,0.495718,0.246763,1.652394,CatBoost,missingness_challenger_no_grade_subgrade,missingness challenger no grade/subgrade,CatBoost | missingness challenger no grade/subgrade
catboost,catboost_02_missingness_challenger_no_grade_subgrade,test,1.0,1958,1116,0.569969,0.027108,0.210315,2.710071,CatBoost,missingness_challenger_no_grade_subgrade,missingness challenger no grade/subgrade,CatBoost | missingness challenger no grade/subgrade
catboost,catboost_02_missingness_challenger_no_grade_subgrade,test,2.0,3915,2122,0.542018,0.051544,0.210315,2.577169,CatBoost,missingness_challenger_no_grade_subgrade,missingness challenger no grade/subgrade,CatBoost | missingness challenger no grade/subgrade
catboost,catboost_02_missingness_challenger_no_grade_subgrade,test,5.0,9788,4767,0.487025,0.115791,0.210315,2.31569,CatBoost,missingness_challenger_no_grade_subgrade,missingness challenger no grade/subgrade,CatBoost | missingness challenger no grade/subgrade
catboost,catboost_02_missingness_challenger_no_grade_subgrade,test,10.0,19575,8722,0.445568,0.211858,0.210315,2.118574,CatBoost,missingness_challenger_no_grade_subgrade,missingness challenger no grade/subgrade,CatBoost | missingness challenger no grade/subgrade
catboost,catboost_02_missingness_challenger_no_grade_subgrade,test,15.0,29363,12274,0.418009,0.298137,0.210315,1.987536,CatBoost,missingness_challenger_no_grade_subgrade,missingness challenger no grade/subgrade,CatBoost | missingness challenger no grade/subgrade
catboost,catboost_02_missingness_challenger_no_grade_subgrade,test,20.0,39150,15456,0.394789,0.375428,0.210315,1.877131,CatBoost,missingness_challenger_no_grade_subgrade,missingness challenger no grade/subgrade,CatBoost | missingness challenger no grade/subgrade
catboost,catboost_02_missingness_challenger_no_grade_subgrade,test,25.0,48938,18478,0.37758,0.448833,0.210315,1.795304,CatBoost,missingness_challenger_no_grade_subgrade,missingness challenger no grade/subgrade,CatBoost | missingness challenger no grade/subgrade
catboost,catboost_02_missingness_challenger_no_grade_subgrade,test,30.0,58725,21132,0.359847,0.513299,0.210315,1.710987,CatBoost,missingness_challenger_no_grade_subgrade,missingness challenger no grade/subgrade,CatBoost | missingness challenger no grade/subgrade
lightgbm,lightgbm_06_no_grade_subgrade,validation,1.0,1870,1186,0.634225,0.025713,0.246763,2.570174,LightGBM,baseline_no_grade_subgrade,baseline no grade/subgrade,LightGBM | baseline no grade/subgrade
lightgbm,lightgbm_06_no_grade_subgrade,validation,2.0,3739,2284,0.610859,0.049518,0.246763,2.475483,LightGBM,baseline_no_grade_subgrade,baseline no grade/subgrade,LightGBM | baseline no grade/subgrade
lightgbm,lightgbm_06_no_grade_subgrade,validation,5.0,9346,5189,0.555211,0.112499,0.246763,2.249973,LightGBM,baseline_no_grade_subgrade,baseline no grade/subgrade,LightGBM | baseline no grade/subgrade
lightgbm,lightgbm_06_no_grade_subgrade,validation,10.0,18692,9558,0.511342,0.20722,0.246763,2.072195,LightGBM,baseline_no_grade_subgrade,baseline no grade/subgrade,LightGBM | baseline no grade/subgrade
lightgbm,lightgbm_06_no_grade_subgrade,validation,15.0,28038,13331,0.475462,0.289019,0.246763,1.926793,LightGBM,baseline_no_grade_subgrade,baseline no grade/subgrade,LightGBM | baseline no grade/subgrade
lightgbm,lightgbm_06_no_grade_subgrade,validation,20.0,37384,16784,0.448962,0.363881,0.246763,1.819404,LightGBM,baseline_no_grade_subgrade,baseline no grade/subgrade,LightGBM | baseline no grade/subgrade
lightgbm,lightgbm_06_no_grade_subgrade,validation,25.0,46730,20023,0.428483,0.434103,0.246763,1.736412,LightGBM,baseline_no_grade_subgrade,baseline no grade/subgrade,LightGBM | baseline no grade/subgrade
lightgbm,lightgbm_06_no_grade_subgrade,validation,30.0,56076,23077,0.411531,0.500314,0.246763,1.667715,LightGBM,baseline_no_grade_subgrade,baseline no grade/subgrade,LightGBM | baseline no grade/subgrade
lightgbm,lightgbm_06_no_grade_subgrade,test,1.0,1958,1115,0.569459,0.027083,0.210315,2.707643,LightGBM,baseline_no_grade_subgrade,baseline no grade/subgrade,LightGBM | baseline no grade/subgrade
lightgbm,lightgbm_06_no_grade_subgrade,test,2.0,3915,2111,0.539208,0.051276,0.210315,2.563809,LightGBM,baseline_no_grade_subgrade,baseline no grade/subgrade,LightGBM | baseline no grade/subgrade
lightgbm,lightgbm_06_no_grade_subgrade,test,5.0,9788,4829,0.493359,0.117297,0.210315,2.345808,LightGBM,baseline_no_grade_subgrade,baseline no grade/subgrade,LightGBM | baseline no grade/subgrade
lightgbm,lightgbm_06_no_grade_subgrade,test,10.0,19575,8911,0.455223,0.216449,0.210315,2.164482,LightGBM,baseline_no_grade_subgrade,baseline no grade/subgrade,LightGBM | baseline no grade/subgrade
lightgbm,lightgbm_06_no_grade_subgrade,test,15.0,29363,12468,0.424616,0.302849,0.210315,2.01895,LightGBM,baseline_no_grade_subgrade,baseline no grade/subgrade,LightGBM | baseline no grade/subgrade
lightgbm,lightgbm_06_no_grade_subgrade,test,20.0,39150,15744,0.402146,0.382424,0.210315,1.912109,LightGBM,baseline_no_grade_subgrade,baseline no grade/subgrade,LightGBM | baseline no grade/subgrade
lightgbm,lightgbm_06_no_grade_subgrade,test,25.0,48938,18675,0.381605,0.453618,0.210315,1.814444,LightGBM,baseline_no_grade_subgrade,baseline no grade/subgrade,LightGBM | baseline no grade/subgrade
lightgbm,lightgbm_06_no_grade_subgrade,test,30.0,58725,21419,0.364734,0.52027,0.210315,1.734225,LightGBM,baseline_no_grade_subgrade,baseline no grade/subgrade,LightGBM | baseline no grade/subgrade
xgboost,xgboost_05_no_grade_subgrade,validation,1.0,1870,1213,0.648663,0.026298,0.246763,2.628685,XGBoost,baseline_no_grade_subgrade,baseline no grade/subgrade,XGBoost | baseline no grade/subgrade
xgboost,xgboost_05_no_grade_subgrade,validation,2.0,3739,2287,0.611661,0.049583,0.246763,2.478735,XGBoost,baseline_no_grade_subgrade,baseline no grade/subgrade,XGBoost | baseline no grade/subgrade
xgboost,xgboost_05_no_grade_subgrade,validation,5.0,9346,5226,0.55917,0.113301,0.246763,2.266016,XGBoost,baseline_no_grade_subgrade,baseline no grade/subgrade,XGBoost | baseline no grade/subgrade
xgboost,xgboost_05_no_grade_subgrade,validation,10.0,18692,9603,0.513749,0.208195,0.246763,2.081951,XGBoost,baseline_no_grade_subgrade,baseline no grade/subgrade,XGBoost | baseline no grade/subgrade
xgboost,xgboost_05_no_grade_subgrade,validation,15.0,28038,13333,0.475533,0.289062,0.246763,1.927082,XGBoost,baseline_no_grade_subgrade,baseline no grade/subgrade,XGBoost | baseline no grade/subgrade
xgboost,xgboost_05_no_grade_subgrade,validation,20.0,37384,16778,0.448802,0.363751,0.246763,1.818753,XGBoost,baseline_no_grade_subgrade,baseline no grade/subgrade,XGBoost | baseline no grade/subgrade
xgboost,xgboost_05_no_grade_subgrade,validation,25.0,46730,20027,0.428568,0.43419,0.246763,1.736759,XGBoost,baseline_no_grade_subgrade,baseline no grade/subgrade,XGBoost | baseline no grade/subgrade
xgboost,xgboost_05_no_grade_subgrade,validation,30.0,56076,23089,0.411745,0.500575,0.246763,1.668582,XGBoost,baseline_no_grade_subgrade,baseline no grade/subgrade,XGBoost | baseline no grade/subgrade
xgboost,xgboost_05_no_grade_subgrade,test,1.0,1958,1103,0.56333,0.026792,0.210315,2.678503,XGBoost,baseline_no_grade_subgrade,baseline no grade/subgrade,XGBoost | baseline no grade/subgrade
xgboost,xgboost_05_no_grade_subgrade,test,2.0,3915,2147,0.548404,0.052151,0.210315,2.607531,XGBoost,baseline_no_grade_subgrade,baseline no grade/subgrade,XGBoost | baseline no grade/subgrade
xgboost,xgboost_05_no_grade_subgrade,test,5.0,9788,4890,0.499591,0.118779,0.210315,2.37544,XGBoost,baseline_no_grade_subgrade,baseline no grade/subgrade,XGBoost | baseline no grade/subgrade
xgboost,xgboost_05_no_grade_subgrade,test,10.0,19575,8923,0.455837,0.216741,0.210315,2.167396,XGBoost,baseline_no_grade_subgrade,baseline no grade/subgrade,XGBoost | baseline no grade/subgrade
xgboost,xgboost_05_no_grade_subgrade,test,15.0,29363,12443,0.423765,0.302242,0.210315,2.014902,XGBoost,baseline_no_grade_subgrade,baseline no grade/subgrade,XGBoost | baseline no grade/subgrade
xgboost,xgboost_05_no_grade_subgrade,test,20.0,39150,15713,0.401354,0.381671,0.210315,1.908344,XGBoost,baseline_no_grade_subgrade,baseline no grade/subgrade,XGBoost | baseline no grade/subgrade
xgboost,xgboost_05_no_grade_subgrade,test,25.0,48938,18645,0.380992,0.452889,0.210315,1.811529,XGBoost,baseline_no_grade_subgrade,baseline no grade/subgrade,XGBoost | baseline no grade/subgrade
xgboost,xgboost_05_no_grade_subgrade,test,30.0,58725,21430,0.364921,0.520537,0.210315,1.735115,XGBoost,baseline_no_grade_subgrade,baseline no grade/subgrade,XGBoost | baseline no grade/subgrade
catboost,catboost_03_no_grade_subgrade,validation,1.0,1870,1202,0.642781,0.02606,0.246763,2.604847,CatBoost,baseline_no_grade_subgrade,baseline no grade/subgrade,CatBoost | baseline no grade/subgrade
catboost,catboost_03_no_grade_subgrade,validation,2.0,3739,2259,0.604172,0.048976,0.246763,2.448388,CatBoost,baseline_no_grade_subgrade,baseline no grade/subgrade,CatBoost | baseline no grade/subgrade
catboost,catboost_03_no_grade_subgrade,validation,5.0,9346,5143,0.550289,0.111501,0.246763,2.230027,CatBoost,baseline_no_grade_subgrade,baseline no grade/subgrade,CatBoost | baseline no grade/subgrade
catboost,catboost_03_no_grade_subgrade,validation,10.0,18692,9460,0.506099,0.205095,0.246763,2.050949,CatBoost,baseline_no_grade_subgrade,baseline no grade/subgrade,CatBoost | baseline no grade/subgrade
catboost,catboost_03_no_grade_subgrade,validation,15.0,28038,13202,0.470861,0.286222,0.246763,1.908148,CatBoost,baseline_no_grade_subgrade,baseline no grade/subgrade,CatBoost | baseline no grade/subgrade
catboost,catboost_03_no_grade_subgrade,validation,20.0,37384,16714,0.44709,0.362363,0.246763,1.811816,CatBoost,baseline_no_grade_subgrade,baseline no grade/subgrade,CatBoost | baseline no grade/subgrade
catboost,catboost_03_no_grade_subgrade,validation,25.0,46730,19915,0.426172,0.431762,0.246763,1.727046,CatBoost,baseline_no_grade_subgrade,baseline no grade/subgrade,CatBoost | baseline no grade/subgrade
catboost,catboost_03_no_grade_subgrade,validation,30.0,56076,22905,0.408464,0.496585,0.246763,1.655285,CatBoost,baseline_no_grade_subgrade,baseline no grade/subgrade,CatBoost | baseline no grade/subgrade
catboost,catboost_03_no_grade_subgrade,test,1.0,1958,1116,0.569969,0.027108,0.210315,2.710071,CatBoost,baseline_no_grade_subgrade,baseline no grade/subgrade,CatBoost | baseline no grade/subgrade
catboost,catboost_03_no_grade_subgrade,test,2.0,3915,2129,0.543806,0.051714,0.210315,2.58567,CatBoost,baseline_no_grade_subgrade,baseline no grade/subgrade,CatBoost | baseline no grade/subgrade
catboost,catboost_03_no_grade_subgrade,test,5.0,9788,4784,0.488762,0.116204,0.210315,2.323948,CatBoost,baseline_no_grade_subgrade,baseline no grade/subgrade,CatBoost | baseline no grade/subgrade
catboost,catboost_03_no_grade_subgrade,test,10.0,19575,8766,0.447816,0.212927,0.210315,2.129261,CatBoost,baseline_no_grade_subgrade,baseline no grade/subgrade,CatBoost | baseline no grade/subgrade
catboost,catboost_03_no_grade_subgrade,test,15.0,29363,12270,0.417873,0.29804,0.210315,1.986888,CatBoost,baseline_no_grade_subgrade,baseline no grade/subgrade,CatBoost | baseline no grade/subgrade
catboost,catboost_03_no_grade_subgrade,test,20.0,39150,15519,0.396398,0.376958,0.210315,1.884782,CatBoost,baseline_no_grade_subgrade,baseline no grade/subgrade,CatBoost | baseline no grade/subgrade
catboost,catboost_03_no_grade_subgrade,test,25.0,48938,18447,0.376946,0.44808,0.210315,1.792292,CatBoost,baseline_no_grade_subgrade,baseline no grade/subgrade,CatBoost | baseline no grade/subgrade
catboost,catboost_03_no_grade_subgrade,test,30.0,58725,21239,0.361669,0.515898,0.210315,1.719651,CatBoost,baseline_no_grade_subgrade,baseline no grade/subgrade,CatBoost | baseline no grade/subgrade
