model_family,model_label,model,feature_set,feature_set_label,model_feature_label,split,review_pct,review_count,captured_bad,precision,recall,base_bad_rate,lift_over_base_bad_rate
lightgbm,LightGBM,lightgbm_pr_auc_06_with_grade_subgrade,baseline_with_grade_subgrade,with grade/subgrade,LightGBM | with grade/subgrade,validation,1.0,1870,1178,0.629947,0.025539,0.246763,2.552837
lightgbm,LightGBM,lightgbm_pr_auc_06_with_grade_subgrade,baseline_with_grade_subgrade,with grade/subgrade,LightGBM | with grade/subgrade,validation,2.0,3739,2263,0.605242,0.049062,0.246763,2.452723
lightgbm,LightGBM,lightgbm_pr_auc_06_with_grade_subgrade,baseline_with_grade_subgrade,with grade/subgrade,LightGBM | with grade/subgrade,validation,5.0,9346,5197,0.556067,0.112672,0.246763,2.253442
lightgbm,LightGBM,lightgbm_pr_auc_06_with_grade_subgrade,baseline_with_grade_subgrade,with grade/subgrade,LightGBM | with grade/subgrade,validation,10.0,18692,9603,0.513749,0.208195,0.246763,2.081951
lightgbm,LightGBM,lightgbm_pr_auc_06_with_grade_subgrade,baseline_with_grade_subgrade,with grade/subgrade,LightGBM | with grade/subgrade,validation,15.0,28038,13369,0.476817,0.289843,0.246763,1.932285
lightgbm,LightGBM,lightgbm_pr_auc_06_with_grade_subgrade,baseline_with_grade_subgrade,with grade/subgrade,LightGBM | with grade/subgrade,validation,20.0,37384,16851,0.450754,0.365333,0.246763,1.826667
lightgbm,LightGBM,lightgbm_pr_auc_06_with_grade_subgrade,baseline_with_grade_subgrade,with grade/subgrade,LightGBM | with grade/subgrade,validation,25.0,46730,20050,0.429061,0.434688,0.246763,1.738753
lightgbm,LightGBM,lightgbm_pr_auc_06_with_grade_subgrade,baseline_with_grade_subgrade,with grade/subgrade,LightGBM | with grade/subgrade,validation,30.0,56076,23163,0.413064,0.502179,0.246763,1.67393
lightgbm,LightGBM,lightgbm_pr_auc_06_with_grade_subgrade,baseline_with_grade_subgrade,with grade/subgrade,LightGBM | with grade/subgrade,test,1.0,1958,1096,0.559755,0.026622,0.210315,2.661504
lightgbm,LightGBM,lightgbm_pr_auc_06_with_grade_subgrade,baseline_with_grade_subgrade,with grade/subgrade,LightGBM | with grade/subgrade,test,2.0,3915,2108,0.538442,0.051204,0.210315,2.560166
lightgbm,LightGBM,lightgbm_pr_auc_06_with_grade_subgrade,baseline_with_grade_subgrade,with grade/subgrade,LightGBM | with grade/subgrade,test,5.0,9788,4879,0.498468,0.118512,0.210315,2.370097
lightgbm,LightGBM,lightgbm_pr_auc_06_with_grade_subgrade,baseline_with_grade_subgrade,with grade/subgrade,LightGBM | with grade/subgrade,test,10.0,19575,8914,0.455377,0.216522,0.210315,2.16521
lightgbm,LightGBM,lightgbm_pr_auc_06_with_grade_subgrade,baseline_with_grade_subgrade,with grade/subgrade,LightGBM | with grade/subgrade,test,15.0,29363,12512,0.426114,0.303918,0.210315,2.026075
lightgbm,LightGBM,lightgbm_pr_auc_06_with_grade_subgrade,baseline_with_grade_subgrade,with grade/subgrade,LightGBM | with grade/subgrade,test,20.0,39150,15769,0.402784,0.383031,0.210315,1.915145
lightgbm,LightGBM,lightgbm_pr_auc_06_with_grade_subgrade,baseline_with_grade_subgrade,with grade/subgrade,LightGBM | with grade/subgrade,test,25.0,48938,18716,0.382443,0.454614,0.210315,1.818428
lightgbm,LightGBM,lightgbm_pr_auc_06_with_grade_subgrade,baseline_with_grade_subgrade,with grade/subgrade,LightGBM | with grade/subgrade,test,30.0,58725,21490,0.365943,0.521995,0.210315,1.739973
xgboost,XGBoost,xgboost_pr_auc_05_with_grade_subgrade,baseline_with_grade_subgrade,with grade/subgrade,XGBoost | with grade/subgrade,validation,1.0,1870,1208,0.645989,0.02619,0.246763,2.61785
xgboost,XGBoost,xgboost_pr_auc_05_with_grade_subgrade,baseline_with_grade_subgrade,with grade/subgrade,XGBoost | with grade/subgrade,validation,2.0,3739,2297,0.614335,0.049799,0.246763,2.489573
xgboost,XGBoost,xgboost_pr_auc_05_with_grade_subgrade,baseline_with_grade_subgrade,with grade/subgrade,XGBoost | with grade/subgrade,validation,5.0,9346,5221,0.558635,0.113192,0.246763,2.263848
xgboost,XGBoost,xgboost_pr_auc_05_with_grade_subgrade,baseline_with_grade_subgrade,with grade/subgrade,XGBoost | with grade/subgrade,validation,10.0,18692,9587,0.512893,0.207848,0.246763,2.078482
xgboost,XGBoost,xgboost_pr_auc_05_with_grade_subgrade,baseline_with_grade_subgrade,with grade/subgrade,XGBoost | with grade/subgrade,validation,15.0,28038,13331,0.475462,0.289019,0.246763,1.926793
xgboost,XGBoost,xgboost_pr_auc_05_with_grade_subgrade,baseline_with_grade_subgrade,with grade/subgrade,XGBoost | with grade/subgrade,validation,20.0,37384,16835,0.450326,0.364986,0.246763,1.824932
xgboost,XGBoost,xgboost_pr_auc_05_with_grade_subgrade,baseline_with_grade_subgrade,with grade/subgrade,XGBoost | with grade/subgrade,validation,25.0,46730,20043,0.428911,0.434537,0.246763,1.738146
xgboost,XGBoost,xgboost_pr_auc_05_with_grade_subgrade,baseline_with_grade_subgrade,with grade/subgrade,XGBoost | with grade/subgrade,validation,30.0,56076,23057,0.411174,0.499881,0.246763,1.666269
xgboost,XGBoost,xgboost_pr_auc_05_with_grade_subgrade,baseline_with_grade_subgrade,with grade/subgrade,XGBoost | with grade/subgrade,test,1.0,1958,1125,0.574566,0.027326,0.210315,2.731927
xgboost,XGBoost,xgboost_pr_auc_05_with_grade_subgrade,baseline_with_grade_subgrade,with grade/subgrade,XGBoost | with grade/subgrade,test,2.0,3915,2123,0.542273,0.051568,0.210315,2.578383
xgboost,XGBoost,xgboost_pr_auc_05_with_grade_subgrade,baseline_with_grade_subgrade,with grade/subgrade,XGBoost | with grade/subgrade,test,5.0,9788,4898,0.500409,0.118973,0.210315,2.379327
xgboost,XGBoost,xgboost_pr_auc_05_with_grade_subgrade,baseline_with_grade_subgrade,with grade/subgrade,XGBoost | with grade/subgrade,test,10.0,19575,8888,0.454049,0.215891,0.210315,2.158895
xgboost,XGBoost,xgboost_pr_auc_05_with_grade_subgrade,baseline_with_grade_subgrade,with grade/subgrade,XGBoost | with grade/subgrade,test,15.0,29363,12437,0.42356,0.302096,0.210315,2.01393
xgboost,XGBoost,xgboost_pr_auc_05_with_grade_subgrade,baseline_with_grade_subgrade,with grade/subgrade,XGBoost | with grade/subgrade,test,20.0,39150,15702,0.401073,0.381403,0.210315,1.907008
xgboost,XGBoost,xgboost_pr_auc_05_with_grade_subgrade,baseline_with_grade_subgrade,with grade/subgrade,XGBoost | with grade/subgrade,test,25.0,48938,18655,0.381197,0.453132,0.210315,1.812501
xgboost,XGBoost,xgboost_pr_auc_05_with_grade_subgrade,baseline_with_grade_subgrade,with grade/subgrade,XGBoost | with grade/subgrade,test,30.0,58725,21445,0.365177,0.520902,0.210315,1.73633
catboost,CatBoost,catboost_pr_auc_03_with_grade_subgrade,baseline_with_grade_subgrade,with grade/subgrade,CatBoost | with grade/subgrade,validation,1.0,1870,1204,0.64385,0.026103,0.246763,2.609181
catboost,CatBoost,catboost_pr_auc_03_with_grade_subgrade,baseline_with_grade_subgrade,with grade/subgrade,CatBoost | with grade/subgrade,validation,2.0,3739,2265,0.605777,0.049106,0.246763,2.454891
catboost,CatBoost,catboost_pr_auc_03_with_grade_subgrade,baseline_with_grade_subgrade,with grade/subgrade,CatBoost | with grade/subgrade,validation,5.0,9346,5157,0.551787,0.111805,0.246763,2.236098
catboost,CatBoost,catboost_pr_auc_03_with_grade_subgrade,baseline_with_grade_subgrade,with grade/subgrade,CatBoost | with grade/subgrade,validation,10.0,18692,9428,0.504387,0.204401,0.246763,2.044011
catboost,CatBoost,catboost_pr_auc_03_with_grade_subgrade,baseline_with_grade_subgrade,with grade/subgrade,CatBoost | with grade/subgrade,validation,15.0,28038,13208,0.471075,0.286352,0.246763,1.909015
catboost,CatBoost,catboost_pr_auc_03_with_grade_subgrade,baseline_with_grade_subgrade,with grade/subgrade,CatBoost | with grade/subgrade,validation,20.0,37384,16736,0.447678,0.36284,0.246763,1.814201
catboost,CatBoost,catboost_pr_auc_03_with_grade_subgrade,baseline_with_grade_subgrade,with grade/subgrade,CatBoost | with grade/subgrade,validation,25.0,46730,19963,0.427199,0.432802,0.246763,1.731209
catboost,CatBoost,catboost_pr_auc_03_with_grade_subgrade,baseline_with_grade_subgrade,with grade/subgrade,CatBoost | with grade/subgrade,validation,30.0,56076,22916,0.40866,0.496824,0.246763,1.656079
catboost,CatBoost,catboost_pr_auc_03_with_grade_subgrade,baseline_with_grade_subgrade,with grade/subgrade,CatBoost | with grade/subgrade,test,1.0,1958,1125,0.574566,0.027326,0.210315,2.731927
catboost,CatBoost,catboost_pr_auc_03_with_grade_subgrade,baseline_with_grade_subgrade,with grade/subgrade,CatBoost | with grade/subgrade,test,2.0,3915,2110,0.538953,0.051252,0.210315,2.562595
catboost,CatBoost,catboost_pr_auc_03_with_grade_subgrade,baseline_with_grade_subgrade,with grade/subgrade,CatBoost | with grade/subgrade,test,5.0,9788,4779,0.488251,0.116082,0.210315,2.321519
catboost,CatBoost,catboost_pr_auc_03_with_grade_subgrade,baseline_with_grade_subgrade,with grade/subgrade,CatBoost | with grade/subgrade,test,10.0,19575,8740,0.446488,0.212296,0.210315,2.122946
catboost,CatBoost,catboost_pr_auc_03_with_grade_subgrade,baseline_with_grade_subgrade,with grade/subgrade,CatBoost | with grade/subgrade,test,15.0,29363,12313,0.419337,0.299084,0.210315,1.993851
catboost,CatBoost,catboost_pr_auc_03_with_grade_subgrade,baseline_with_grade_subgrade,with grade/subgrade,CatBoost | with grade/subgrade,test,20.0,39150,15554,0.397292,0.377809,0.210315,1.889033
catboost,CatBoost,catboost_pr_auc_03_with_grade_subgrade,baseline_with_grade_subgrade,with grade/subgrade,CatBoost | with grade/subgrade,test,25.0,48938,18483,0.377682,0.448954,0.210315,1.79579
catboost,CatBoost,catboost_pr_auc_03_with_grade_subgrade,baseline_with_grade_subgrade,with grade/subgrade,CatBoost | with grade/subgrade,test,30.0,58725,21297,0.362656,0.517307,0.210315,1.724347
lightgbm,LightGBM,lightgbm_pr_auc_05_no_grade_subgrade,baseline_no_grade_subgrade,no grade/subgrade,LightGBM | no grade/subgrade,validation,1.0,1870,1188,0.635294,0.025756,0.246763,2.574508
lightgbm,LightGBM,lightgbm_pr_auc_05_no_grade_subgrade,baseline_no_grade_subgrade,no grade/subgrade,LightGBM | no grade/subgrade,validation,2.0,3739,2280,0.609789,0.049431,0.246763,2.471148
lightgbm,LightGBM,lightgbm_pr_auc_05_no_grade_subgrade,baseline_no_grade_subgrade,no grade/subgrade,LightGBM | no grade/subgrade,validation,5.0,9346,5215,0.557993,0.113062,0.246763,2.261247
lightgbm,LightGBM,lightgbm_pr_auc_05_no_grade_subgrade,baseline_no_grade_subgrade,no grade/subgrade,LightGBM | no grade/subgrade,validation,10.0,18692,9603,0.513749,0.208195,0.246763,2.081951
lightgbm,LightGBM,lightgbm_pr_auc_05_no_grade_subgrade,baseline_no_grade_subgrade,no grade/subgrade,LightGBM | no grade/subgrade,validation,15.0,28038,13324,0.475212,0.288867,0.246763,1.925781
lightgbm,LightGBM,lightgbm_pr_auc_05_no_grade_subgrade,baseline_no_grade_subgrade,no grade/subgrade,LightGBM | no grade/subgrade,validation,20.0,37384,16820,0.449925,0.364661,0.246763,1.823306
lightgbm,LightGBM,lightgbm_pr_auc_05_no_grade_subgrade,baseline_no_grade_subgrade,no grade/subgrade,LightGBM | no grade/subgrade,validation,25.0,46730,20037,0.428782,0.434407,0.246763,1.737626
lightgbm,LightGBM,lightgbm_pr_auc_05_no_grade_subgrade,baseline_no_grade_subgrade,no grade/subgrade,LightGBM | no grade/subgrade,validation,30.0,56076,23091,0.41178,0.500618,0.246763,1.668726
lightgbm,LightGBM,lightgbm_pr_auc_05_no_grade_subgrade,baseline_no_grade_subgrade,no grade/subgrade,LightGBM | no grade/subgrade,test,1.0,1958,1117,0.57048,0.027132,0.210315,2.7125
lightgbm,LightGBM,lightgbm_pr_auc_05_no_grade_subgrade,baseline_no_grade_subgrade,no grade/subgrade,LightGBM | no grade/subgrade,test,2.0,3915,2099,0.536143,0.050985,0.210315,2.549235
lightgbm,LightGBM,lightgbm_pr_auc_05_no_grade_subgrade,baseline_no_grade_subgrade,no grade/subgrade,LightGBM | no grade/subgrade,test,5.0,9788,4853,0.495811,0.11788,0.210315,2.357467
lightgbm,LightGBM,lightgbm_pr_auc_05_no_grade_subgrade,baseline_no_grade_subgrade,no grade/subgrade,LightGBM | no grade/subgrade,test,10.0,19575,8877,0.453487,0.215623,0.210315,2.156223
lightgbm,LightGBM,lightgbm_pr_auc_05_no_grade_subgrade,baseline_no_grade_subgrade,no grade/subgrade,LightGBM | no grade/subgrade,test,15.0,29363,12520,0.426387,0.304112,0.210315,2.027371
lightgbm,LightGBM,lightgbm_pr_auc_05_no_grade_subgrade,baseline_no_grade_subgrade,no grade/subgrade,LightGBM | no grade/subgrade,test,20.0,39150,15701,0.401047,0.381379,0.210315,1.906886
lightgbm,LightGBM,lightgbm_pr_auc_05_no_grade_subgrade,baseline_no_grade_subgrade,no grade/subgrade,LightGBM | no grade/subgrade,test,25.0,48938,18669,0.381483,0.453472,0.210315,1.813861
lightgbm,LightGBM,lightgbm_pr_auc_05_no_grade_subgrade,baseline_no_grade_subgrade,no grade/subgrade,LightGBM | no grade/subgrade,test,30.0,58725,21406,0.364513,0.519954,0.210315,1.733172
xgboost,XGBoost,xgboost_pr_auc_05_no_grade_subgrade,baseline_no_grade_subgrade,no grade/subgrade,XGBoost | no grade/subgrade,validation,1.0,1870,1213,0.648663,0.026298,0.246763,2.628685
xgboost,XGBoost,xgboost_pr_auc_05_no_grade_subgrade,baseline_no_grade_subgrade,no grade/subgrade,XGBoost | no grade/subgrade,validation,2.0,3739,2287,0.611661,0.049583,0.246763,2.478735
xgboost,XGBoost,xgboost_pr_auc_05_no_grade_subgrade,baseline_no_grade_subgrade,no grade/subgrade,XGBoost | no grade/subgrade,validation,5.0,9346,5226,0.55917,0.113301,0.246763,2.266016
xgboost,XGBoost,xgboost_pr_auc_05_no_grade_subgrade,baseline_no_grade_subgrade,no grade/subgrade,XGBoost | no grade/subgrade,validation,10.0,18692,9603,0.513749,0.208195,0.246763,2.081951
xgboost,XGBoost,xgboost_pr_auc_05_no_grade_subgrade,baseline_no_grade_subgrade,no grade/subgrade,XGBoost | no grade/subgrade,validation,15.0,28038,13333,0.475533,0.289062,0.246763,1.927082
xgboost,XGBoost,xgboost_pr_auc_05_no_grade_subgrade,baseline_no_grade_subgrade,no grade/subgrade,XGBoost | no grade/subgrade,validation,20.0,37384,16778,0.448802,0.363751,0.246763,1.818753
xgboost,XGBoost,xgboost_pr_auc_05_no_grade_subgrade,baseline_no_grade_subgrade,no grade/subgrade,XGBoost | no grade/subgrade,validation,25.0,46730,20027,0.428568,0.43419,0.246763,1.736759
xgboost,XGBoost,xgboost_pr_auc_05_no_grade_subgrade,baseline_no_grade_subgrade,no grade/subgrade,XGBoost | no grade/subgrade,validation,30.0,56076,23089,0.411745,0.500575,0.246763,1.668582
xgboost,XGBoost,xgboost_pr_auc_05_no_grade_subgrade,baseline_no_grade_subgrade,no grade/subgrade,XGBoost | no grade/subgrade,test,1.0,1958,1103,0.56333,0.026792,0.210315,2.678503
xgboost,XGBoost,xgboost_pr_auc_05_no_grade_subgrade,baseline_no_grade_subgrade,no grade/subgrade,XGBoost | no grade/subgrade,test,2.0,3915,2147,0.548404,0.052151,0.210315,2.607531
xgboost,XGBoost,xgboost_pr_auc_05_no_grade_subgrade,baseline_no_grade_subgrade,no grade/subgrade,XGBoost | no grade/subgrade,test,5.0,9788,4890,0.499591,0.118779,0.210315,2.37544
xgboost,XGBoost,xgboost_pr_auc_05_no_grade_subgrade,baseline_no_grade_subgrade,no grade/subgrade,XGBoost | no grade/subgrade,test,10.0,19575,8923,0.455837,0.216741,0.210315,2.167396
xgboost,XGBoost,xgboost_pr_auc_05_no_grade_subgrade,baseline_no_grade_subgrade,no grade/subgrade,XGBoost | no grade/subgrade,test,15.0,29363,12443,0.423765,0.302242,0.210315,2.014902
xgboost,XGBoost,xgboost_pr_auc_05_no_grade_subgrade,baseline_no_grade_subgrade,no grade/subgrade,XGBoost | no grade/subgrade,test,20.0,39150,15713,0.401354,0.381671,0.210315,1.908344
xgboost,XGBoost,xgboost_pr_auc_05_no_grade_subgrade,baseline_no_grade_subgrade,no grade/subgrade,XGBoost | no grade/subgrade,test,25.0,48938,18645,0.380992,0.452889,0.210315,1.811529
xgboost,XGBoost,xgboost_pr_auc_05_no_grade_subgrade,baseline_no_grade_subgrade,no grade/subgrade,XGBoost | no grade/subgrade,test,30.0,58725,21430,0.364921,0.520537,0.210315,1.735115
catboost,CatBoost,catboost_pr_auc_03_no_grade_subgrade,baseline_no_grade_subgrade,no grade/subgrade,CatBoost | no grade/subgrade,validation,1.0,1870,1202,0.642781,0.02606,0.246763,2.604847
catboost,CatBoost,catboost_pr_auc_03_no_grade_subgrade,baseline_no_grade_subgrade,no grade/subgrade,CatBoost | no grade/subgrade,validation,2.0,3739,2259,0.604172,0.048976,0.246763,2.448388
catboost,CatBoost,catboost_pr_auc_03_no_grade_subgrade,baseline_no_grade_subgrade,no grade/subgrade,CatBoost | no grade/subgrade,validation,5.0,9346,5143,0.550289,0.111501,0.246763,2.230027
catboost,CatBoost,catboost_pr_auc_03_no_grade_subgrade,baseline_no_grade_subgrade,no grade/subgrade,CatBoost | no grade/subgrade,validation,10.0,18692,9460,0.506099,0.205095,0.246763,2.050949
catboost,CatBoost,catboost_pr_auc_03_no_grade_subgrade,baseline_no_grade_subgrade,no grade/subgrade,CatBoost | no grade/subgrade,validation,15.0,28038,13202,0.470861,0.286222,0.246763,1.908148
catboost,CatBoost,catboost_pr_auc_03_no_grade_subgrade,baseline_no_grade_subgrade,no grade/subgrade,CatBoost | no grade/subgrade,validation,20.0,37384,16714,0.44709,0.362363,0.246763,1.811816
catboost,CatBoost,catboost_pr_auc_03_no_grade_subgrade,baseline_no_grade_subgrade,no grade/subgrade,CatBoost | no grade/subgrade,validation,25.0,46730,19915,0.426172,0.431762,0.246763,1.727046
catboost,CatBoost,catboost_pr_auc_03_no_grade_subgrade,baseline_no_grade_subgrade,no grade/subgrade,CatBoost | no grade/subgrade,validation,30.0,56076,22905,0.408464,0.496585,0.246763,1.655285
catboost,CatBoost,catboost_pr_auc_03_no_grade_subgrade,baseline_no_grade_subgrade,no grade/subgrade,CatBoost | no grade/subgrade,test,1.0,1958,1116,0.569969,0.027108,0.210315,2.710071
catboost,CatBoost,catboost_pr_auc_03_no_grade_subgrade,baseline_no_grade_subgrade,no grade/subgrade,CatBoost | no grade/subgrade,test,2.0,3915,2129,0.543806,0.051714,0.210315,2.58567
catboost,CatBoost,catboost_pr_auc_03_no_grade_subgrade,baseline_no_grade_subgrade,no grade/subgrade,CatBoost | no grade/subgrade,test,5.0,9788,4784,0.488762,0.116204,0.210315,2.323948
catboost,CatBoost,catboost_pr_auc_03_no_grade_subgrade,baseline_no_grade_subgrade,no grade/subgrade,CatBoost | no grade/subgrade,test,10.0,19575,8766,0.447816,0.212927,0.210315,2.129261
catboost,CatBoost,catboost_pr_auc_03_no_grade_subgrade,baseline_no_grade_subgrade,no grade/subgrade,CatBoost | no grade/subgrade,test,15.0,29363,12270,0.417873,0.29804,0.210315,1.986888
catboost,CatBoost,catboost_pr_auc_03_no_grade_subgrade,baseline_no_grade_subgrade,no grade/subgrade,CatBoost | no grade/subgrade,test,20.0,39150,15519,0.396398,0.376958,0.210315,1.884782
catboost,CatBoost,catboost_pr_auc_03_no_grade_subgrade,baseline_no_grade_subgrade,no grade/subgrade,CatBoost | no grade/subgrade,test,25.0,48938,18447,0.376946,0.44808,0.210315,1.792292
catboost,CatBoost,catboost_pr_auc_03_no_grade_subgrade,baseline_no_grade_subgrade,no grade/subgrade,CatBoost | no grade/subgrade,test,30.0,58725,21239,0.361669,0.515898,0.210315,1.719651
