model_family,model_label,model,feature_set,feature_set_label,model_feature_label,split,operating_point,rows,bad_rate,threshold,roc_auc,pr_auc,brier_score,precision,recall,f1,tn,fp,fn,tp,predicted_reject_count,predicted_reject_share,false_rejection_share_among_rejects
lightgbm,LightGBM,lightgbm_pr_auc_06_with_grade_subgrade,baseline_with_grade_subgrade,with grade/subgrade,LightGBM | with grade/subgrade,train,best_validation_f1_pr_auc_selected,962641,0.1883,0.459101,0.739261,0.399622,0.205701,0.300673,0.748749,0.429053,465704,315672,45543,135722,451394,0.468912,0.699327
lightgbm,LightGBM,lightgbm_pr_auc_06_with_grade_subgrade,baseline_with_grade_subgrade,with grade/subgrade,LightGBM | with grade/subgrade,train,target_validation_precision_pr_auc_selected,962641,0.1883,0.547699,0.739261,0.399622,0.205701,0.350643,0.592431,0.440542,582506,198870,73878,107387,306257,0.318142,0.649357
lightgbm,LightGBM,lightgbm_pr_auc_06_with_grade_subgrade,baseline_with_grade_subgrade,with grade/subgrade,LightGBM | with grade/subgrade,validation,best_validation_f1_pr_auc_selected,186920,0.246763,0.459101,0.702851,0.42477,0.217413,0.354103,0.72336,0.475458,79936,60859,12760,33365,94224,0.504087,0.645897
lightgbm,LightGBM,lightgbm_pr_auc_06_with_grade_subgrade,baseline_with_grade_subgrade,with grade/subgrade,LightGBM | with grade/subgrade,validation,target_validation_precision_pr_auc_selected,186920,0.246763,0.547699,0.702851,0.42477,0.217413,0.400006,0.546038,0.461751,103017,37778,20939,25186,62964,0.33685,0.599994
lightgbm,LightGBM,lightgbm_pr_auc_06_with_grade_subgrade,baseline_with_grade_subgrade,with grade/subgrade,LightGBM | with grade/subgrade,test,best_validation_f1_pr_auc_selected,195749,0.210315,0.459101,0.711342,0.380512,0.211718,0.31627,0.718235,0.439159,90656,63924,11600,29569,93493,0.477617,0.68373
lightgbm,LightGBM,lightgbm_pr_auc_06_with_grade_subgrade,baseline_with_grade_subgrade,with grade/subgrade,LightGBM | with grade/subgrade,test,target_validation_precision_pr_auc_selected,195749,0.210315,0.547699,0.711342,0.380512,0.211718,0.359584,0.551434,0.435309,114148,40432,18467,22702,63134,0.322525,0.640416
xgboost,XGBoost,xgboost_pr_auc_05_with_grade_subgrade,baseline_with_grade_subgrade,with grade/subgrade,XGBoost | with grade/subgrade,train,best_validation_f1_pr_auc_selected,962641,0.1883,0.470697,0.734468,0.395261,0.2079,0.303216,0.726605,0.427877,478714,302662,49557,131708,434370,0.451227,0.696784
xgboost,XGBoost,xgboost_pr_auc_05_with_grade_subgrade,baseline_with_grade_subgrade,with grade/subgrade,XGBoost | with grade/subgrade,train,target_validation_precision_pr_auc_selected,962641,0.1883,0.546067,0.734468,0.395261,0.2079,0.347097,0.587747,0.436448,580974,200402,74727,106538,306940,0.318852,0.652903
xgboost,XGBoost,xgboost_pr_auc_05_with_grade_subgrade,baseline_with_grade_subgrade,with grade/subgrade,XGBoost | with grade/subgrade,validation,best_validation_f1_pr_auc_selected,186920,0.246763,0.470697,0.701999,0.4254,0.21775,0.357995,0.70077,0.473896,82829,57966,13802,32323,90289,0.483036,0.642005
xgboost,XGBoost,xgboost_pr_auc_05_with_grade_subgrade,baseline_with_grade_subgrade,with grade/subgrade,XGBoost | with grade/subgrade,validation,target_validation_precision_pr_auc_selected,186920,0.246763,0.546067,0.701999,0.4254,0.21775,0.40001,0.546667,0.461978,102974,37821,20910,25215,63036,0.337235,0.59999
xgboost,XGBoost,xgboost_pr_auc_05_with_grade_subgrade,baseline_with_grade_subgrade,with grade/subgrade,XGBoost | with grade/subgrade,test,best_validation_f1_pr_auc_selected,195749,0.210315,0.470697,0.710193,0.37959,0.212441,0.318981,0.701061,0.438462,92960,61620,12307,28862,90482,0.462235,0.681019
xgboost,XGBoost,xgboost_pr_auc_05_with_grade_subgrade,baseline_with_grade_subgrade,with grade/subgrade,XGBoost | with grade/subgrade,test,target_validation_precision_pr_auc_selected,195749,0.210315,0.546067,0.710193,0.37959,0.212441,0.35646,0.553353,0.433602,113452,41128,18388,22781,63909,0.326484,0.64354
catboost,CatBoost,catboost_pr_auc_03_with_grade_subgrade,baseline_with_grade_subgrade,with grade/subgrade,CatBoost | with grade/subgrade,train,best_validation_f1_pr_auc_selected,962641,0.1883,0.471091,0.72636,0.383677,0.212061,0.29499,0.730108,0.420203,465084,316292,48922,132343,448635,0.466046,0.70501
catboost,CatBoost,catboost_pr_auc_03_with_grade_subgrade,baseline_with_grade_subgrade,with grade/subgrade,CatBoost | with grade/subgrade,train,target_validation_precision_pr_auc_selected,962641,0.1883,0.55353,0.72636,0.383677,0.212061,0.343394,0.57208,0.429174,583094,198282,77567,103698,301980,0.313699,0.656606
catboost,CatBoost,catboost_pr_auc_03_with_grade_subgrade,baseline_with_grade_subgrade,with grade/subgrade,CatBoost | with grade/subgrade,validation,best_validation_f1_pr_auc_selected,186920,0.246763,0.471091,0.699036,0.421236,0.219424,0.354769,0.704607,0.471924,81686,59109,13625,32500,91609,0.490097,0.645231
catboost,CatBoost,catboost_pr_auc_03_with_grade_subgrade,baseline_with_grade_subgrade,with grade/subgrade,CatBoost | with grade/subgrade,validation,target_validation_precision_pr_auc_selected,186920,0.246763,0.55353,0.699036,0.421236,0.219424,0.400007,0.52826,0.455273,104247,36548,21759,24366,60914,0.325883,0.599993
catboost,CatBoost,catboost_pr_auc_03_with_grade_subgrade,baseline_with_grade_subgrade,with grade/subgrade,CatBoost | with grade/subgrade,test,best_validation_f1_pr_auc_selected,195749,0.210315,0.471091,0.706406,0.374301,0.215726,0.313752,0.712745,0.435705,90400,64180,11826,29343,93523,0.47777,0.686248
catboost,CatBoost,catboost_pr_auc_03_with_grade_subgrade,baseline_with_grade_subgrade,with grade/subgrade,CatBoost | with grade/subgrade,test,target_validation_precision_pr_auc_selected,195749,0.210315,0.55353,0.706406,0.374301,0.215726,0.355706,0.545046,0.430476,113936,40644,18730,22439,63083,0.322265,0.644294
lightgbm,LightGBM,lightgbm_pr_auc_05_no_grade_subgrade,baseline_no_grade_subgrade,no grade/subgrade,LightGBM | no grade/subgrade,train,best_validation_f1_pr_auc_selected,962641,0.1883,0.460993,0.735804,0.39574,0.207274,0.299193,0.743712,0.426719,465610,315766,46456,134809,450575,0.468061,0.700807
lightgbm,LightGBM,lightgbm_pr_auc_05_no_grade_subgrade,baseline_no_grade_subgrade,no grade/subgrade,LightGBM | no grade/subgrade,train,target_validation_precision_pr_auc_selected,962641,0.1883,0.553836,0.735804,0.39574,0.207274,0.351471,0.577039,0.436856,588375,193001,76668,104597,297598,0.309147,0.648529
lightgbm,LightGBM,lightgbm_pr_auc_05_no_grade_subgrade,baseline_no_grade_subgrade,no grade/subgrade,LightGBM | no grade/subgrade,validation,best_validation_f1_pr_auc_selected,186920,0.246763,0.460993,0.70235,0.424844,0.219827,0.353654,0.723057,0.474987,79842,60953,12774,33351,94304,0.504515,0.646346
lightgbm,LightGBM,lightgbm_pr_auc_05_no_grade_subgrade,baseline_no_grade_subgrade,no grade/subgrade,LightGBM | no grade/subgrade,validation,target_validation_precision_pr_auc_selected,186920,0.246763,0.553836,0.70235,0.424844,0.219827,0.4,0.545518,0.461561,103052,37743,20963,25162,62905,0.336534,0.6
lightgbm,LightGBM,lightgbm_pr_auc_05_no_grade_subgrade,baseline_no_grade_subgrade,no grade/subgrade,LightGBM | no grade/subgrade,test,best_validation_f1_pr_auc_selected,195749,0.210315,0.460993,0.710107,0.379076,0.216458,0.313439,0.724574,0.437586,89240,65340,11339,29830,95170,0.486184,0.686561
lightgbm,LightGBM,lightgbm_pr_auc_05_no_grade_subgrade,baseline_no_grade_subgrade,no grade/subgrade,LightGBM | no grade/subgrade,test,target_validation_precision_pr_auc_selected,195749,0.210315,0.553836,0.710107,0.379076,0.216458,0.355231,0.55928,0.434491,112788,41792,18144,23025,64817,0.331123,0.644769
xgboost,XGBoost,xgboost_pr_auc_05_no_grade_subgrade,baseline_no_grade_subgrade,no grade/subgrade,XGBoost | no grade/subgrade,train,best_validation_f1_pr_auc_selected,962641,0.1883,0.462321,0.73329,0.393962,0.208311,0.298251,0.738229,0.424856,466525,314851,47450,133815,448666,0.466078,0.701749
xgboost,XGBoost,xgboost_pr_auc_05_no_grade_subgrade,baseline_no_grade_subgrade,no grade/subgrade,XGBoost | no grade/subgrade,train,target_validation_precision_pr_auc_selected,962641,0.1883,0.551705,0.73329,0.393962,0.208311,0.34963,0.576118,0.435169,587119,194257,76835,104430,298687,0.310279,0.65037
xgboost,XGBoost,xgboost_pr_auc_05_no_grade_subgrade,baseline_no_grade_subgrade,no grade/subgrade,XGBoost | no grade/subgrade,validation,best_validation_f1_pr_auc_selected,186920,0.246763,0.462321,0.701651,0.425118,0.219254,0.354654,0.714667,0.474057,80812,59983,13161,32964,92947,0.497256,0.645346
xgboost,XGBoost,xgboost_pr_auc_05_no_grade_subgrade,baseline_no_grade_subgrade,no grade/subgrade,XGBoost | no grade/subgrade,validation,target_validation_precision_pr_auc_selected,186920,0.246763,0.551705,0.701651,0.425118,0.219254,0.4,0.541138,0.459986,103355,37440,21165,24960,62400,0.333833,0.6
xgboost,XGBoost,xgboost_pr_auc_05_no_grade_subgrade,baseline_no_grade_subgrade,no grade/subgrade,XGBoost | no grade/subgrade,test,best_validation_f1_pr_auc_selected,195749,0.210315,0.462321,0.709727,0.379252,0.215266,0.31434,0.718915,0.437421,90021,64559,11572,29597,94156,0.481004,0.68566
xgboost,XGBoost,xgboost_pr_auc_05_no_grade_subgrade,baseline_no_grade_subgrade,no grade/subgrade,XGBoost | no grade/subgrade,test,target_validation_precision_pr_auc_selected,195749,0.210315,0.551705,0.709727,0.379252,0.215266,0.355235,0.55656,0.433671,112992,41588,18256,22913,64501,0.329509,0.644765
catboost,CatBoost,catboost_pr_auc_03_no_grade_subgrade,baseline_no_grade_subgrade,no grade/subgrade,CatBoost | no grade/subgrade,train,best_validation_f1_pr_auc_selected,962641,0.1883,0.465666,0.72547,0.382796,0.212323,0.291954,0.737252,0.418272,457278,324098,47627,133638,457736,0.4755,0.708046
catboost,CatBoost,catboost_pr_auc_03_no_grade_subgrade,baseline_no_grade_subgrade,no grade/subgrade,CatBoost | no grade/subgrade,train,target_validation_precision_pr_auc_selected,962641,0.1883,0.555429,0.72547,0.382796,0.212323,0.344249,0.564334,0.427636,586519,194857,78971,102294,297151,0.308683,0.655751
catboost,CatBoost,catboost_pr_auc_03_no_grade_subgrade,baseline_no_grade_subgrade,no grade/subgrade,CatBoost | no grade/subgrade,validation,best_validation_f1_pr_auc_selected,186920,0.246763,0.465666,0.699047,0.421277,0.220366,0.352698,0.715772,0.472547,80203,60592,13110,33015,93607,0.500786,0.647302
catboost,CatBoost,catboost_pr_auc_03_no_grade_subgrade,baseline_no_grade_subgrade,no grade/subgrade,CatBoost | no grade/subgrade,validation,target_validation_precision_pr_auc_selected,186920,0.246763,0.555429,0.699047,0.421277,0.220366,0.4,0.529951,0.455896,104129,36666,21681,24444,61110,0.326931,0.6
catboost,CatBoost,catboost_pr_auc_03_no_grade_subgrade,baseline_no_grade_subgrade,no grade/subgrade,CatBoost | no grade/subgrade,test,best_validation_f1_pr_auc_selected,195749,0.210315,0.465666,0.70599,0.374111,0.218168,0.310243,0.727683,0.435019,87975,66605,11211,29958,96563,0.4933,0.689757
catboost,CatBoost,catboost_pr_auc_03_no_grade_subgrade,baseline_no_grade_subgrade,no grade/subgrade,CatBoost | no grade/subgrade,test,target_validation_precision_pr_auc_selected,195749,0.210315,0.555429,0.70599,0.374111,0.218168,0.352724,0.552017,0.430421,112876,41704,18443,22726,64430,0.329146,0.647276
